CREATE DATABASE EmployeeManagement;

CREATE TABLE Adminm (
    Admin_ID varchar(30) NOT NULL primary key,
    LastName varchar(50) NOT NULL,
    FirstName varchar(50) NOT NULL,
	DoB date NOT NULL,
	Gender varchar(10) NOT NULL,
    Address varchar(50) NOT NULL,
    Department varchar (75) NOT NULL
);



CREATE TABLE Ad_Contact (
    Contact_ID varchar(30) NOT NULL primary key,
	Phone varchar(10) NOT NULL,
	Email varchar(50) NOT NULL,
	Admin_ID varchar(30) NOT NULL,
	FOREIGN KEY (Admin_ID) REFERENCES Adminm(Admin_ID)
);

SELECT * FROM Ad_Contact
DROP TABLE Ad_Contact

INSERT INTO Ad_Contact(Contact_ID,Admin_ID,Phone,Email) VALUES ('ADAC.TA.CO', 'ADAC.TA', '0326724046','TTNToan.TATT@gmail.com')
INSERT INTO Ad_Contact(Contact_ID,Admin_ID,Phone,Email) VALUES ('ADSA.TA.CO', 'ADSA.TA', '0355537832','LMTrung.TATT@gmail.com')
INSERT INTO Ad_Contact(Contact_ID,Admin_ID,Phone,Email) VALUES ('ADHR.TA.CO', 'ADHR.TA', '0755525963','PHThinh.TATT@gmail.com')
INSERT INTO Ad_Contact(Contact_ID,Admin_ID,Phone,Email) VALUES ('ADRD.TA.CO', 'ADRD.TA', '0955552254','PNTTrang.TATT@gmail.com')

SELECT * FROM Adminm;
INSERT INTO Adminm(Admin_ID,LastName,FirstName,DoB,Gender,Address,Department) VALUES ('ADAC.TA','Truong Thai Ngoc', 'Toan', '1986-09-14', 'Male', '12 Phan Boi Chau', 'Accounting department')
INSERT INTO Adminm(Admin_ID,LastName,FirstName,DoB,Gender,Address,Department) VALUES ('ADSA.TA','Ly Minh', 'Trung', '1990-03-1', 'Male', '200 Tran Hung Dao', 'Sales department')
INSERT INTO Adminm(Admin_ID,LastName,FirstName,DoB,Gender,Address,Department) VALUES ('ADHR.TA','Phan Hung', 'Thinh', '1988-08-15', 'Male', '856 Dien Bien Phu', 'Human Resources department')
INSERT INTO Adminm(Admin_ID,LastName,FirstName,DoB,Gender,Address,Department) VALUES ('ADRD.TA','Pham Ngoc Thuy', 'Trang', '1995-10-9', 'Female', '326 Dien Bien Phu', 'Research & Development department')

DROP TABLE Adminm

CREATE TABLE Employee (
    Employee_ID varchar(30) NOT NULL primary key,
	Admin_ID varchar(30) NOT NULL,
    LastName varchar(50) NOT NULL,
    FirstName varchar(50) NOT NULL,
	DoB date NOT NULL,
	Gender varchar(10) NOT NULL,
    Address varchar(50) NOT NULL,
	Employee_Image image,
	FOREIGN KEY (Admin_ID) REFERENCES Adminm(Admin_ID)
);

INSERT INTO Employee(Employee_ID,Admin_ID,LastName,FirstName,DoB,Gender,Address) VALUES ('EMAC.TA001','ADAC.TA',' Nguyen Ngoc Thuy', 'An', '1988-08-14', 'Female', '78 Cong Quynh')
INSERT INTO Employee(Employee_ID,Admin_ID,LastName,FirstName,DoB,Gender,Address) VALUES ('EMAC.TA002','ADAC.TA',' Dinh Quoc', 'Dat', '1986-04-29', 'Male', '562 Phan Boi Chau')
INSERT INTO Employee(Employee_ID,Admin_ID,LastName,FirstName,DoB,Gender,Address) VALUES ('EMAC.TA003','ADAC.TA',' Tran Thanh Anh', 'Kim', '1987-02-02', 'Female', '45 Le Lai')
INSERT INTO Employee(Employee_ID,Admin_ID,LastName,FirstName,DoB,Gender,Address) VALUES ('EMAC.TA004','ADAC.TA',' Be Pham Quang', 'Thien', '1982-03-06', 'Male', '96 Nguyen Xi')
INSERT INTO Employee(Employee_ID,Admin_ID,LastName,FirstName,DoB,Gender,Address) VALUES ('EMAC.TA005','ADAC.TA',' Lieu The', 'Van', '1984-06-02', 'Female', '103 Nguyen Dinh Chieu')
INSERT INTO Employee(Employee_ID,Admin_ID,LastName,FirstName,DoB,Gender,Address) VALUES ('EMAC.TA006','ADAC.TA',' Le Khiet', 'Vy', '1984-01-17', 'Female', '662 Tran Cao Van')
INSERT INTO Employee(Employee_ID,Admin_ID,LastName,FirstName,DoB,Gender,Address) VALUES ('EMAC.TA007','ADAC.TA',' Le Thi Huyen', 'Vy', '1980-10-05', 'Female', '223 Ngo Quyen')

INSERT INTO Employee(Employee_ID,Admin_ID,LastName,FirstName,DoB,Gender,Address) VALUES ('EMSA.TA001','ADSA.TA',' Tu Gia', 'Bao', '1980-09-10', 'Male', '93 Cong Quynh')
INSERT INTO Employee(Employee_ID,Admin_ID,LastName,FirstName,DoB,Gender,Address) VALUES ('EMSA.TA002','ADSA.TA',' Nguyen Le Nha', 'Ca', '1979-04-25', 'Female', '26 Nguyen Thi Dinh')
INSERT INTO Employee(Employee_ID,Admin_ID,LastName,FirstName,DoB,Gender,Address) VALUES ('EMSA.TA003','ADSA.TA',' Huynh Hoan', 'Kim', '1987-03-08', 'Female', '78 Nguyen Tat Thanh')
INSERT INTO Employee(Employee_ID,Admin_ID,LastName,FirstName,DoB,Gender,Address) VALUES ('EMSA.TA004','ADSA.TA',' Le Gia', 'Han', '1977-08-16', 'Female', '115 Le Thanh Ton')
INSERT INTO Employee(Employee_ID,Admin_ID,LastName,FirstName,DoB,Gender,Address) VALUES ('EMSA.TA005','ADSA.TA',' Nguyen Thi Ngoc', 'Hop', '1990-12-11', 'Female', '99 Le Van Tho')
INSERT INTO Employee(Employee_ID,Admin_ID,LastName,FirstName,DoB,Gender,Address) VALUES ('EMSA.TA006','ADSA.TA',' Ngo Vu Bao', 'Quyen', '1985-01-20', 'Female', '665 Mai Chi Tho')
INSERT INTO Employee(Employee_ID,Admin_ID,LastName,FirstName,DoB,Gender,Address) VALUES ('EMSA.TA007','ADSA.TA',' Nguyen Dang Phuong', 'Uyen', '1980-11-09', 'Female', '156 Nguyen Duy Cung')

INSERT INTO Employee(Employee_ID,Admin_ID,LastName,FirstName,DoB,Gender,Address) VALUES ('EMHR.TA001','ADHR.TA',' Trinh Minh Lam', 'Anh', '1986-04-30', 'Male', '781 Lac Long Quan')
INSERT INTO Employee(Employee_ID,Admin_ID,LastName,FirstName,DoB,Gender,Address) VALUES ('EMHR.TA002','ADHR.TA',' Pham Nguyen Minh', 'Chau', '1986-04-29', 'Female', '26 Hai Ba Trung')
INSERT INTO Employee(Employee_ID,Admin_ID,LastName,FirstName,DoB,Gender,Address) VALUES ('EMHR.TA003','ADHR.TA',' Nguyen Thi Thuy', 'Hien', '1987-02-02', 'Female', '96 Ham Nghi')
INSERT INTO Employee(Employee_ID,Admin_ID,LastName,FirstName,DoB,Gender,Address) VALUES ('EMHR.TA004','ADHR.TA',' Nguyen Hong Anh', 'Linh', '1982-03-06', 'Female', '125 Le Duc Tho')
INSERT INTO Employee(Employee_ID,Admin_ID,LastName,FirstName,DoB,Gender,Address) VALUES ('EMHR.TA005','ADHR.TA',' Mai Khac Hai', 'Long', '1984-06-02', 'Male', '995 Ly Chinh Thang')
INSERT INTO Employee(Employee_ID,Admin_ID,LastName,FirstName,DoB,Gender,Address) VALUES ('EMHR.TA006','ADHR.TA',' Mai Quynh', ' Nhu', '1984-01-17', 'Female', '665 Le Duan')
INSERT INTO Employee(Employee_ID,Admin_ID,LastName,FirstName,DoB,Gender,Address) VALUES ('EMHR.TA007','ADHR.TA',' Nguyen Quynh Phuong', 'Vy', '1980-10-05', 'Female', '741 Hoang Van Thu')

INSERT INTO Employee(Employee_ID,Admin_ID,LastName,FirstName,DoB,Gender,Address) VALUES ('EMRD.TA001','ADRD.TA',' Huynh Ngoc', 'Bich', '1980-09-10', 'Female', '64 Tran Quang Dieu')
INSERT INTO Employee(Employee_ID,Admin_ID,LastName,FirstName,DoB,Gender,Address) VALUES ('EMRD.TA002','ADRD.TA',' Nguyen Bao', 'Han', '1979-04-25', 'Female', '75 Ngo Gia Tu')
INSERT INTO Employee(Employee_ID,Admin_ID,LastName,FirstName,DoB,Gender,Address) VALUES ('EMRD.TA003','ADRD.TA',' Nguyen Kim', 'Khanh', '1987-03-08', 'Female', '1115 Pasteur')
INSERT INTO Employee(Employee_ID,Admin_ID,LastName,FirstName,DoB,Gender,Address) VALUES ('EMRD.TA004','ADRD.TA',' Le Tan', ' Loc', '1977-08-16', 'Male', '26 Tran Quoc Thao')
INSERT INTO Employee(Employee_ID,Admin_ID,LastName,FirstName,DoB,Gender,Address) VALUES ('EMRD.TA005','ADRD.TA',' Tran Minh', 'Ngoc', '1990-12-11', 'Female', '11 Mai Chi Tho')
INSERT INTO Employee(Employee_ID,Admin_ID,LastName,FirstName,DoB,Gender,Address) VALUES ('EMRD.TA006','ADRD.TA',' Do Thi Kieu', ' Oanh', '1985-01-20', 'Female', '10 Mai Chi Tho')
INSERT INTO Employee(Employee_ID,Admin_ID,LastName,FirstName,DoB,Gender,Address) VALUES ('EMRD.TA007','ADRD.TA',' Nguyen Thi Hai', 'Yen', '1980-11-09', 'Female', '866 Le Van Tho')

SELECT * FROM Employee
DROP TABLE Employee

CREATE TABLE Em_Contact (
    Contact_ID varchar(30) NOT NULL primary key,
	Phone varchar(10) NOT NULL,
	Email varchar(50) NOT NULL,
	Employee_ID varchar(30) NOT NULL,
	FOREIGN KEY (Employee_ID) REFERENCES Employee(Employee_ID)
);

DROP TABLE Em_Contact

SELECT * FROM Em_Contact

INSERT INTO Em_Contact(Contact_ID,Employee_ID,Phone,Email) VALUES ('EMAC.TA001.CO','EMAC.TA001','0586073712','NNTAn@TATT.com')
INSERT INTO Em_Contact(Contact_ID,Employee_ID,Phone,Email) VALUES ('EMAC.TA002.CO','EMAC.TA002','0564167865','DQDat@TATT.com')
INSERT INTO Em_Contact(Contact_ID,Employee_ID,Phone,Email) VALUES ('EMAC.TA003.CO','EMAC.TA003','0336083785','TTAKim@TATT.com')
INSERT INTO Em_Contact(Contact_ID,Employee_ID,Phone,Email) VALUES ('EMAC.TA004.CO','EMAC.TA004','0345921456','BPQThien@TATT.com')
INSERT INTO Em_Contact(Contact_ID,Employee_ID,Phone,Email) VALUES ('EMAC.TA005.CO','EMAC.TA005','0914306657','LTVan@TATT.com')
INSERT INTO Em_Contact(Contact_ID,Employee_ID,Phone,Email) VALUES ('EMAC.TA006.CO','EMAC.TA006','0815678556','LKVy@TATT.com')
INSERT INTO Em_Contact(Contact_ID,Employee_ID,Phone,Email) VALUES ('EMAC.TA007.CO','EMAC.TA007','0835612571','LTHVy@TATT.com')

INSERT INTO Em_Contact(Contact_ID,Employee_ID,Phone,Email) VALUES ('EMSA.TA001.CO','EMSA.TA001','0845678123','NNTAn@TATT.com')
INSERT INTO Em_Contact(Contact_ID,Employee_ID,Phone,Email) VALUES ('EMSA.TA002.CO','EMSA.TA002','0304156835','DQDat@TATT.com')
INSERT INTO Em_Contact(Contact_ID,Employee_ID,Phone,Email) VALUES ('EMSA.TA003.CO','EMSA.TA003','0956425671','TTAKim@TATT.com')
INSERT INTO Em_Contact(Contact_ID,Employee_ID,Phone,Email) VALUES ('EMSA.TA004.CO','EMSA.TA004','0265487231','BPQThien@TATT.com')
INSERT INTO Em_Contact(Contact_ID,Employee_ID,Phone,Email) VALUES ('EMSA.TA005.CO','EMSA.TA005','0465715512','LTVan@TATT.com')
INSERT INTO Em_Contact(Contact_ID,Employee_ID,Phone,Email) VALUES ('EMSA.TA006.CO','EMSA.TA006','0321152644','LKVy@TATT.com')
INSERT INTO Em_Contact(Contact_ID,Employee_ID,Phone,Email) VALUES ('EMSA.TA007.CO','EMSA.TA007','0831234122','LTHVy@TATT.com')

INSERT INTO Em_Contact(Contact_ID,Employee_ID,Phone,Email) VALUES ('EMHR.TA001.CO','EMHR.TA001','0332564712','TMLAnh@TATT.com')
INSERT INTO Em_Contact(Contact_ID,Employee_ID,Phone,Email) VALUES ('EMHR.TA002.CO','EMHR.TA002','0564165161','PHMChau@TATT.com')
INSERT INTO Em_Contact(Contact_ID,Employee_ID,Phone,Email) VALUES ('EMHR.TA003.CO','EMHR.TA003','0845616133','NTTHien@TATT.com')
INSERT INTO Em_Contact(Contact_ID,Employee_ID,Phone,Email) VALUES ('EMHR.TA004.CO','EMHR.TA004','0123123481','NHALinh@TATT.com')
INSERT INTO Em_Contact(Contact_ID,Employee_ID,Phone,Email) VALUES ('EMHR.TA005.CO','EMHR.TA005','0845612312','MKHLong@TATT.com')
INSERT INTO Em_Contact(Contact_ID,Employee_ID,Phone,Email) VALUES ('EMHR.TA006.CO','EMHR.TA006','0326548113','MQNhu@TATT.com')
INSERT INTO Em_Contact(Contact_ID,Employee_ID,Phone,Email) VALUES ('EMHR.TA007.CO','EMHR.TA007','0132846523','NQPVy@TATT.com')

INSERT INTO Em_Contact(Contact_ID,Employee_ID,Phone,Email) VALUES ('EMRD.TA001.CO','EMRD.TA001','0561571610','HNBich@TATT.com')
INSERT INTO Em_Contact(Contact_ID,Employee_ID,Phone,Email) VALUES ('EMRD.TA002.CO','EMRD.TA002','0326547122','NBHan@TATT.com')
INSERT INTO Em_Contact(Contact_ID,Employee_ID,Phone,Email) VALUES ('EMRD.TA003.CO','EMRD.TA003','0914661686','NKKhanh@TATT.com')
INSERT INTO Em_Contact(Contact_ID,Employee_ID,Phone,Email) VALUES ('EMRD.TA004.CO','EMRD.TA004','0305516021','LTLoc@TATT.com')
INSERT INTO Em_Contact(Contact_ID,Employee_ID,Phone,Email) VALUES ('EMRD.TA005.CO','EMRD.TA005','0321615423','TMNgoc@TATT.com')
INSERT INTO Em_Contact(Contact_ID,Employee_ID,Phone,Email) VALUES ('EMRD.TA006.CO','EMRD.TA006','0335612481','DTKOanh@TATT.com')
INSERT INTO Em_Contact(Contact_ID,Employee_ID,Phone,Email) VALUES ('EMRD.TA007.CO','EMRD.TA007','0831554230','NTHYen@TATT.com')


CREATE TABLE Attendance(
    Attend_ID varchar(30) NOT NULL primary key,
	Employee_ID varchar(30) NOT NULL,
    Month int NOT NULL,
	Date date NOT NULL,
	FOREIGN KEY (Employee_ID) REFERENCES Employee(Employee_ID)
);

/* Attendance in month 1 */

INSERT INTO Attendance(Attend_ID,Employee_ID,Month,Date) VALUES ('EMAC.TA001.01.01','EMAC.TA001', 1 ,  '1986-01-01')
INSERT INTO Attendance(Attend_ID,Employee_ID,Month,Date) VALUES ('EMAC.TA001.01.02','EMAC.TA001', 1 ,  '1986-01-02')
INSERT INTO Attendance(Attend_ID,Employee_ID,Month,Date) VALUES ('EMAC.TA001.01.03','EMAC.TA001', 1 ,  '1986-01-03')
INSERT INTO Attendance(Attend_ID,Employee_ID,Month,Date) VALUES ('EMAC.TA001.01.04','EMAC.TA001', 1 ,  '1986-01-04')
INSERT INTO Attendance(Attend_ID,Employee_ID,Month,Date) VALUES ('EMAC.TA001.01.05','EMAC.TA001', 1 ,  '1986-01-05')
INSERT INTO Attendance(Attend_ID,Employee_ID,Month,Date) VALUES ('EMAC.TA001.01.06','EMAC.TA001', 1 ,  '1986-01-06')
INSERT INTO Attendance(Attend_ID,Employee_ID,Month,Date) VALUES ('EMAC.TA001.01.08','EMAC.TA001', 1 ,  '1986-01-08')
INSERT INTO Attendance(Attend_ID,Employee_ID,Month,Date) VALUES ('EMAC.TA001.01.09','EMAC.TA001', 1 ,  '1986-01-09')
INSERT INTO Attendance(Attend_ID,Employee_ID,Month,Date) VALUES ('EMAC.TA001.01.10','EMAC.TA001', 1 ,  '1986-01-10')
INSERT INTO Attendance(Attend_ID,Employee_ID,Month,Date) VALUES ('EMAC.TA001.01.11','EMAC.TA001', 1 ,  '1986-01-11')
INSERT INTO Attendance(Attend_ID,Employee_ID,Month,Date) VALUES ('EMAC.TA001.01.12','EMAC.TA001', 1 ,  '1986-01-12')
INSERT INTO Attendance(Attend_ID,Employee_ID,Month,Date) VALUES ('EMAC.TA001.01.13','EMAC.TA001', 1 ,  '1986-01-13')
INSERT INTO Attendance(Attend_ID,Employee_ID,Month,Date) VALUES ('EMAC.TA001.01.14','EMAC.TA001', 1 ,  '1986-01-14')
INSERT INTO Attendance(Attend_ID,Employee_ID,Month,Date) VALUES ('EMAC.TA001.01.15','EMAC.TA001', 1 ,  '1986-01-15')
INSERT INTO Attendance(Attend_ID,Employee_ID,Month,Date) VALUES ('EMAC.TA001.01.16','EMAC.TA001', 1 ,  '1986-01-16')
INSERT INTO Attendance(Attend_ID,Employee_ID,Month,Date) VALUES ('EMAC.TA001.01.17','EMAC.TA001', 1 ,  '1986-01-17')
INSERT INTO Attendance(Attend_ID,Employee_ID,Month,Date) VALUES ('EMAC.TA001.01.18','EMAC.TA001', 1 ,  '1986-01-18')
INSERT INTO Attendance(Attend_ID,Employee_ID,Month,Date) VALUES ('EMAC.TA001.01.19','EMAC.TA001', 1 ,  '1986-01-19')
INSERT INTO Attendance(Attend_ID,Employee_ID,Month,Date) VALUES ('EMAC.TA001.01.21','EMAC.TA001', 1 ,  '1986-01-21')
INSERT INTO Attendance(Attend_ID,Employee_ID,Month,Date) VALUES ('EMAC.TA001.01.22','EMAC.TA001', 1 ,  '1986-01-22')
INSERT INTO Attendance(Attend_ID,Employee_ID,Month,Date) VALUES ('EMAC.TA001.01.23','EMAC.TA001', 1 ,  '1986-01-23')
INSERT INTO Attendance(Attend_ID,Employee_ID,Month,Date) VALUES ('EMAC.TA001.01.25','EMAC.TA001', 1 ,  '1986-01-25')
INSERT INTO Attendance(Attend_ID,Employee_ID,Month,Date) VALUES ('EMAC.TA001.01.26','EMAC.TA001', 1 ,  '1986-01-26')
INSERT INTO Attendance(Attend_ID,Employee_ID,Month,Date) VALUES ('EMAC.TA001.01.27','EMAC.TA001', 1 ,  '1986-01-27')
INSERT INTO Attendance(Attend_ID,Employee_ID,Month,Date) VALUES ('EMAC.TA001.01.28','EMAC.TA001', 1 ,  '1986-01-28')
INSERT INTO Attendance(Attend_ID,Employee_ID,Month,Date) VALUES ('EMAC.TA001.01.29','EMAC.TA001', 1 ,  '1986-01-29')
INSERT INTO Attendance(Attend_ID,Employee_ID,Month,Date) VALUES ('EMAC.TA001.01.31','EMAC.TA001', 1 ,  '1986-01-31')

INSERT INTO Attendance(Attend_ID,Employee_ID,Month,Date) VALUES ('EMAC.TA002.01.01','EMAC.TA002', 1 ,  '1986-01-01')
INSERT INTO Attendance(Attend_ID,Employee_ID,Month,Date) VALUES ('EMAC.TA002.01.02','EMAC.TA002', 1 ,  '1986-01-02')
INSERT INTO Attendance(Attend_ID,Employee_ID,Month,Date) VALUES ('EMAC.TA002.01.03','EMAC.TA002', 1 ,  '1986-01-03')
INSERT INTO Attendance(Attend_ID,Employee_ID,Month,Date) VALUES ('EMAC.TA002.01.04','EMAC.TA002', 1 ,  '1986-01-04')
INSERT INTO Attendance(Attend_ID,Employee_ID,Month,Date) VALUES ('EMAC.TA002.01.05','EMAC.TA002', 1 ,  '1986-01-05')
INSERT INTO Attendance(Attend_ID,Employee_ID,Month,Date) VALUES ('EMAC.TA002.01.06','EMAC.TA002', 1 ,  '1986-01-06')
INSERT INTO Attendance(Attend_ID,Employee_ID,Month,Date) VALUES ('EMAC.TA002.01.07','EMAC.TA002', 1 ,  '1986-01-07')
INSERT INTO Attendance(Attend_ID,Employee_ID,Month,Date) VALUES ('EMAC.TA002.01.08','EMAC.TA002', 1 ,  '1986-01-08')
INSERT INTO Attendance(Attend_ID,Employee_ID,Month,Date) VALUES ('EMAC.TA002.01.09','EMAC.TA002', 1 ,  '1986-01-09')
INSERT INTO Attendance(Attend_ID,Employee_ID,Month,Date) VALUES ('EMAC.TA002.01.10','EMAC.TA002', 1 ,  '1986-01-10')
INSERT INTO Attendance(Attend_ID,Employee_ID,Month,Date) VALUES ('EMAC.TA002.01.11','EMAC.TA002', 1 ,  '1986-01-11')
INSERT INTO Attendance(Attend_ID,Employee_ID,Month,Date) VALUES ('EMAC.TA002.01.12','EMAC.TA002', 1 ,  '1986-01-12')
INSERT INTO Attendance(Attend_ID,Employee_ID,Month,Date) VALUES ('EMAC.TA002.01.14','EMAC.TA002', 1 ,  '1986-01-14')
INSERT INTO Attendance(Attend_ID,Employee_ID,Month,Date) VALUES ('EMAC.TA002.01.15','EMAC.TA002', 1 ,  '1986-01-15')
INSERT INTO Attendance(Attend_ID,Employee_ID,Month,Date) VALUES ('EMAC.TA002.01.16','EMAC.TA002', 1 ,  '1986-01-16')
INSERT INTO Attendance(Attend_ID,Employee_ID,Month,Date) VALUES ('EMAC.TA002.01.17','EMAC.TA002', 1 ,  '1986-01-17')
INSERT INTO Attendance(Attend_ID,Employee_ID,Month,Date) VALUES ('EMAC.TA002.01.19','EMAC.TA002', 1 ,  '1986-01-19')
INSERT INTO Attendance(Attend_ID,Employee_ID,Month,Date) VALUES ('EMAC.TA002.01.20','EMAC.TA002', 1 ,  '1986-01-20')
INSERT INTO Attendance(Attend_ID,Employee_ID,Month,Date) VALUES ('EMAC.TA002.01.21','EMAC.TA002', 1 ,  '1986-01-21')
INSERT INTO Attendance(Attend_ID,Employee_ID,Month,Date) VALUES ('EMAC.TA002.01.22','EMAC.TA002', 1 ,  '1986-01-22')
INSERT INTO Attendance(Attend_ID,Employee_ID,Month,Date) VALUES ('EMAC.TA002.01.23','EMAC.TA002', 1 ,  '1986-01-23')
INSERT INTO Attendance(Attend_ID,Employee_ID,Month,Date) VALUES ('EMAC.TA002.01.24','EMAC.TA002', 1 ,  '1986-01-24')
INSERT INTO Attendance(Attend_ID,Employee_ID,Month,Date) VALUES ('EMAC.TA002.01.25','EMAC.TA002', 1 ,  '1986-01-25')
INSERT INTO Attendance(Attend_ID,Employee_ID,Month,Date) VALUES ('EMAC.TA002.01.26','EMAC.TA002', 1 ,  '1986-01-26')
INSERT INTO Attendance(Attend_ID,Employee_ID,Month,Date) VALUES ('EMAC.TA002.01.27','EMAC.TA002', 1 ,  '1986-01-27')
INSERT INTO Attendance(Attend_ID,Employee_ID,Month,Date) VALUES ('EMAC.TA002.01.28','EMAC.TA002', 1 ,  '1986-01-28')
INSERT INTO Attendance(Attend_ID,Employee_ID,Month,Date) VALUES ('EMAC.TA002.01.29','EMAC.TA002', 1 ,  '1986-01-29')
INSERT INTO Attendance(Attend_ID,Employee_ID,Month,Date) VALUES ('EMAC.TA002.01.30','EMAC.TA002', 1 ,  '1986-01-30')
INSERT INTO Attendance(Attend_ID,Employee_ID,Month,Date) VALUES ('EMAC.TA002.01.31','EMAC.TA002', 1 ,  '1986-01-31')

INSERT INTO Attendance(Attend_ID,Employee_ID,Month,Date) VALUES ('EMAC.TA003.01.01','EMAC.TA003', 1 ,  '1986-01-01')
INSERT INTO Attendance(Attend_ID,Employee_ID,Month,Date) VALUES ('EMAC.TA003.01.02','EMAC.TA003', 1 ,  '1986-01-02')
INSERT INTO Attendance(Attend_ID,Employee_ID,Month,Date) VALUES ('EMAC.TA003.01.03','EMAC.TA003', 1 ,  '1986-01-03')
INSERT INTO Attendance(Attend_ID,Employee_ID,Month,Date) VALUES ('EMAC.TA003.01.04','EMAC.TA003', 1 ,  '1986-01-04')
INSERT INTO Attendance(Attend_ID,Employee_ID,Month,Date) VALUES ('EMAC.TA003.01.05','EMAC.TA003', 1 ,  '1986-01-05')
INSERT INTO Attendance(Attend_ID,Employee_ID,Month,Date) VALUES ('EMAC.TA003.01.06','EMAC.TA003', 1 ,  '1986-01-06')
INSERT INTO Attendance(Attend_ID,Employee_ID,Month,Date) VALUES ('EMAC.TA003.01.07','EMAC.TA003', 1 ,  '1986-01-07')
INSERT INTO Attendance(Attend_ID,Employee_ID,Month,Date) VALUES ('EMAC.TA003.01.09','EMAC.TA003', 1 ,  '1986-01-09')
INSERT INTO Attendance(Attend_ID,Employee_ID,Month,Date) VALUES ('EMAC.TA003.01.10','EMAC.TA003', 1 ,  '1986-01-10')
INSERT INTO Attendance(Attend_ID,Employee_ID,Month,Date) VALUES ('EMAC.TA003.01.11','EMAC.TA003', 1 ,  '1986-01-11')
INSERT INTO Attendance(Attend_ID,Employee_ID,Month,Date) VALUES ('EMAC.TA003.01.12','EMAC.TA003', 1 ,  '1986-01-12')
INSERT INTO Attendance(Attend_ID,Employee_ID,Month,Date) VALUES ('EMAC.TA003.01.13','EMAC.TA003', 1 ,  '1986-01-13')
INSERT INTO Attendance(Attend_ID,Employee_ID,Month,Date) VALUES ('EMAC.TA003.01.14','EMAC.TA003', 1 ,  '1986-01-14')
INSERT INTO Attendance(Attend_ID,Employee_ID,Month,Date) VALUES ('EMAC.TA003.01.15','EMAC.TA003', 1 ,  '1986-01-15')
INSERT INTO Attendance(Attend_ID,Employee_ID,Month,Date) VALUES ('EMAC.TA003.01.16','EMAC.TA003', 1 ,  '1986-01-16')
INSERT INTO Attendance(Attend_ID,Employee_ID,Month,Date) VALUES ('EMAC.TA003.01.18','EMAC.TA003', 1 ,  '1986-01-18')
INSERT INTO Attendance(Attend_ID,Employee_ID,Month,Date) VALUES ('EMAC.TA003.01.19','EMAC.TA003', 1 ,  '1986-01-19')
INSERT INTO Attendance(Attend_ID,Employee_ID,Month,Date) VALUES ('EMAC.TA003.01.20','EMAC.TA003', 1 ,  '1986-01-20')
INSERT INTO Attendance(Attend_ID,Employee_ID,Month,Date) VALUES ('EMAC.TA003.01.21','EMAC.TA003', 1 ,  '1986-01-21')
INSERT INTO Attendance(Attend_ID,Employee_ID,Month,Date) VALUES ('EMAC.TA003.01.22','EMAC.TA003', 1 ,  '1986-01-22')
INSERT INTO Attendance(Attend_ID,Employee_ID,Month,Date) VALUES ('EMAC.TA003.01.23','EMAC.TA003', 1 ,  '1986-01-23')
INSERT INTO Attendance(Attend_ID,Employee_ID,Month,Date) VALUES ('EMAC.TA003.01.24','EMAC.TA003', 1 ,  '1986-01-24')
INSERT INTO Attendance(Attend_ID,Employee_ID,Month,Date) VALUES ('EMAC.TA003.01.26','EMAC.TA003', 1 ,  '1986-01-26')
INSERT INTO Attendance(Attend_ID,Employee_ID,Month,Date) VALUES ('EMAC.TA003.01.27','EMAC.TA003', 1 ,  '1986-01-27')
INSERT INTO Attendance(Attend_ID,Employee_ID,Month,Date) VALUES ('EMAC.TA003.01.28','EMAC.TA003', 1 ,  '1986-01-28')
INSERT INTO Attendance(Attend_ID,Employee_ID,Month,Date) VALUES ('EMAC.TA003.01.29','EMAC.TA003', 1 ,  '1986-01-29')
INSERT INTO Attendance(Attend_ID,Employee_ID,Month,Date) VALUES ('EMAC.TA003.01.31','EMAC.TA003', 1 ,  '1986-01-31')

INSERT INTO Attendance(Attend_ID,Employee_ID,Month,Date) VALUES ('EMAC.TA004.01.01','EMAC.TA004', 1 ,  '1986-01-01')
INSERT INTO Attendance(Attend_ID,Employee_ID,Month,Date) VALUES ('EMAC.TA004.01.02','EMAC.TA004', 1 ,  '1986-01-02')
INSERT INTO Attendance(Attend_ID,Employee_ID,Month,Date) VALUES ('EMAC.TA004.01.03','EMAC.TA004', 1 ,  '1986-01-03')
INSERT INTO Attendance(Attend_ID,Employee_ID,Month,Date) VALUES ('EMAC.TA004.01.04','EMAC.TA004', 1 ,  '1986-01-04')
INSERT INTO Attendance(Attend_ID,Employee_ID,Month,Date) VALUES ('EMAC.TA004.01.05','EMAC.TA004', 1 ,  '1986-01-05')
INSERT INTO Attendance(Attend_ID,Employee_ID,Month,Date) VALUES ('EMAC.TA004.01.06','EMAC.TA004', 1 ,  '1986-01-06')
INSERT INTO Attendance(Attend_ID,Employee_ID,Month,Date) VALUES ('EMAC.TA004.01.07','EMAC.TA004', 1 ,  '1986-01-07')
INSERT INTO Attendance(Attend_ID,Employee_ID,Month,Date) VALUES ('EMAC.TA004.01.08','EMAC.TA004', 1 ,  '1986-01-08')
INSERT INTO Attendance(Attend_ID,Employee_ID,Month,Date) VALUES ('EMAC.TA004.01.09','EMAC.TA004', 1 ,  '1986-01-09')
INSERT INTO Attendance(Attend_ID,Employee_ID,Month,Date) VALUES ('EMAC.TA004.01.10','EMAC.TA004', 1 ,  '1986-01-10')
INSERT INTO Attendance(Attend_ID,Employee_ID,Month,Date) VALUES ('EMAC.TA004.01.11','EMAC.TA004', 1 ,  '1986-01-11')
INSERT INTO Attendance(Attend_ID,Employee_ID,Month,Date) VALUES ('EMAC.TA004.01.12','EMAC.TA004', 1 ,  '1986-01-12')
INSERT INTO Attendance(Attend_ID,Employee_ID,Month,Date) VALUES ('EMAC.TA004.01.13','EMAC.TA004', 1 ,  '1986-01-13')
INSERT INTO Attendance(Attend_ID,Employee_ID,Month,Date) VALUES ('EMAC.TA004.01.14','EMAC.TA004', 1 ,  '1986-01-14')
INSERT INTO Attendance(Attend_ID,Employee_ID,Month,Date) VALUES ('EMAC.TA004.01.15','EMAC.TA004', 1 ,  '1986-01-15')
INSERT INTO Attendance(Attend_ID,Employee_ID,Month,Date) VALUES ('EMAC.TA004.01.16','EMAC.TA004', 1 ,  '1986-01-16')
INSERT INTO Attendance(Attend_ID,Employee_ID,Month,Date) VALUES ('EMAC.TA004.01.17','EMAC.TA004', 1 ,  '1986-01-17')
INSERT INTO Attendance(Attend_ID,Employee_ID,Month,Date) VALUES ('EMAC.TA004.01.18','EMAC.TA004', 1 ,  '1986-01-18')
INSERT INTO Attendance(Attend_ID,Employee_ID,Month,Date) VALUES ('EMAC.TA004.01.19','EMAC.TA004', 1 ,  '1986-01-19')
INSERT INTO Attendance(Attend_ID,Employee_ID,Month,Date) VALUES ('EMAC.TA004.01.20','EMAC.TA004', 1 ,  '1986-01-20')
INSERT INTO Attendance(Attend_ID,Employee_ID,Month,Date) VALUES ('EMAC.TA004.01.22','EMAC.TA004', 1 ,  '1986-01-22')
INSERT INTO Attendance(Attend_ID,Employee_ID,Month,Date) VALUES ('EMAC.TA004.01.23','EMAC.TA004', 1 ,  '1986-01-23')
INSERT INTO Attendance(Attend_ID,Employee_ID,Month,Date) VALUES ('EMAC.TA004.01.24','EMAC.TA004', 1 ,  '1986-01-24')
INSERT INTO Attendance(Attend_ID,Employee_ID,Month,Date) VALUES ('EMAC.TA004.01.25','EMAC.TA004', 1 ,  '1986-01-25')
INSERT INTO Attendance(Attend_ID,Employee_ID,Month,Date) VALUES ('EMAC.TA004.01.26','EMAC.TA004', 1 ,  '1986-01-26')
INSERT INTO Attendance(Attend_ID,Employee_ID,Month,Date) VALUES ('EMAC.TA004.01.27','EMAC.TA004', 1 ,  '1986-01-27')
INSERT INTO Attendance(Attend_ID,Employee_ID,Month,Date) VALUES ('EMAC.TA004.01.28','EMAC.TA004', 1 ,  '1986-01-28')
INSERT INTO Attendance(Attend_ID,Employee_ID,Month,Date) VALUES ('EMAC.TA004.01.29','EMAC.TA004', 1 ,  '1986-01-29')
INSERT INTO Attendance(Attend_ID,Employee_ID,Month,Date) VALUES ('EMAC.TA004.01.30','EMAC.TA004', 1 ,  '1986-01-30')
INSERT INTO Attendance(Attend_ID,Employee_ID,Month,Date) VALUES ('EMAC.TA004.01.31','EMAC.TA004', 1 ,  '1986-01-31')

INSERT INTO Attendance(Attend_ID,Employee_ID,Month,Date) VALUES ('EMAC.TA005.01.01','EMAC.TA005', 1 ,  '1986-01-01')
INSERT INTO Attendance(Attend_ID,Employee_ID,Month,Date) VALUES ('EMAC.TA005.01.02','EMAC.TA005', 1 ,  '1986-01-02')
INSERT INTO Attendance(Attend_ID,Employee_ID,Month,Date) VALUES ('EMAC.TA005.01.03','EMAC.TA005', 1 ,  '1986-01-03')
INSERT INTO Attendance(Attend_ID,Employee_ID,Month,Date) VALUES ('EMAC.TA005.01.04','EMAC.TA005', 1 ,  '1986-01-04')
INSERT INTO Attendance(Attend_ID,Employee_ID,Month,Date) VALUES ('EMAC.TA005.01.05','EMAC.TA005', 1 ,  '1986-01-05')
INSERT INTO Attendance(Attend_ID,Employee_ID,Month,Date) VALUES ('EMAC.TA005.01.06','EMAC.TA005', 1 ,  '1986-01-06')
INSERT INTO Attendance(Attend_ID,Employee_ID,Month,Date) VALUES ('EMAC.TA005.01.07','EMAC.TA005', 1 ,  '1986-01-07')
INSERT INTO Attendance(Attend_ID,Employee_ID,Month,Date) VALUES ('EMAC.TA005.01.08','EMAC.TA005', 1 ,  '1986-01-08')
INSERT INTO Attendance(Attend_ID,Employee_ID,Month,Date) VALUES ('EMAC.TA005.01.09','EMAC.TA005', 1 ,  '1986-01-09')
INSERT INTO Attendance(Attend_ID,Employee_ID,Month,Date) VALUES ('EMAC.TA005.01.10','EMAC.TA005', 1 ,  '1986-01-10')
INSERT INTO Attendance(Attend_ID,Employee_ID,Month,Date) VALUES ('EMAC.TA005.01.11','EMAC.TA005', 1 ,  '1986-01-11')
INSERT INTO Attendance(Attend_ID,Employee_ID,Month,Date) VALUES ('EMAC.TA005.01.12','EMAC.TA005', 1 ,  '1986-01-12')
INSERT INTO Attendance(Attend_ID,Employee_ID,Month,Date) VALUES ('EMAC.TA005.01.13','EMAC.TA005', 1 ,  '1986-01-13')
INSERT INTO Attendance(Attend_ID,Employee_ID,Month,Date) VALUES ('EMAC.TA005.01.14','EMAC.TA005', 1 ,  '1986-01-14')
INSERT INTO Attendance(Attend_ID,Employee_ID,Month,Date) VALUES ('EMAC.TA005.01.15','EMAC.TA005', 1 ,  '1986-01-15')
INSERT INTO Attendance(Attend_ID,Employee_ID,Month,Date) VALUES ('EMAC.TA005.01.16','EMAC.TA005', 1 ,  '1986-01-16')
INSERT INTO Attendance(Attend_ID,Employee_ID,Month,Date) VALUES ('EMAC.TA005.01.17','EMAC.TA005', 1 ,  '1986-01-17')
INSERT INTO Attendance(Attend_ID,Employee_ID,Month,Date) VALUES ('EMAC.TA005.01.18','EMAC.TA005', 1 ,  '1986-01-18')
INSERT INTO Attendance(Attend_ID,Employee_ID,Month,Date) VALUES ('EMAC.TA005.01.19','EMAC.TA005', 1 ,  '1986-01-19')
INSERT INTO Attendance(Attend_ID,Employee_ID,Month,Date) VALUES ('EMAC.TA005.01.20','EMAC.TA005', 1 ,  '1986-01-20')
INSERT INTO Attendance(Attend_ID,Employee_ID,Month,Date) VALUES ('EMAC.TA005.01.21','EMAC.TA005', 1 ,  '1986-01-21')
INSERT INTO Attendance(Attend_ID,Employee_ID,Month,Date) VALUES ('EMAC.TA005.01.22','EMAC.TA005', 1 ,  '1986-01-22')
INSERT INTO Attendance(Attend_ID,Employee_ID,Month,Date) VALUES ('EMAC.TA005.01.23','EMAC.TA005', 1 ,  '1986-01-23')
INSERT INTO Attendance(Attend_ID,Employee_ID,Month,Date) VALUES ('EMAC.TA005.01.24','EMAC.TA005', 1 ,  '1986-01-24')
INSERT INTO Attendance(Attend_ID,Employee_ID,Month,Date) VALUES ('EMAC.TA005.01.25','EMAC.TA005', 1 ,  '1986-01-25')
INSERT INTO Attendance(Attend_ID,Employee_ID,Month,Date) VALUES ('EMAC.TA005.01.26','EMAC.TA005', 1 ,  '1986-01-26')
INSERT INTO Attendance(Attend_ID,Employee_ID,Month,Date) VALUES ('EMAC.TA005.01.27','EMAC.TA005', 1 ,  '1986-01-27')
INSERT INTO Attendance(Attend_ID,Employee_ID,Month,Date) VALUES ('EMAC.TA005.01.28','EMAC.TA005', 1 ,  '1986-01-28')
INSERT INTO Attendance(Attend_ID,Employee_ID,Month,Date) VALUES ('EMAC.TA005.01.29','EMAC.TA005', 1 ,  '1986-01-29')
INSERT INTO Attendance(Attend_ID,Employee_ID,Month,Date) VALUES ('EMAC.TA005.01.30','EMAC.TA005', 1 ,  '1986-01-30')
INSERT INTO Attendance(Attend_ID,Employee_ID,Month,Date) VALUES ('EMAC.TA005.01.31','EMAC.TA005', 1 ,  '1986-01-31')

INSERT INTO Attendance(Attend_ID,Employee_ID,Month,Date) VALUES ('EMAC.TA006.01.01','EMAC.TA006', 1 ,  '1986-01-01')
INSERT INTO Attendance(Attend_ID,Employee_ID,Month,Date) VALUES ('EMAC.TA006.01.02','EMAC.TA006', 1 ,  '1986-01-02')
INSERT INTO Attendance(Attend_ID,Employee_ID,Month,Date) VALUES ('EMAC.TA006.01.03','EMAC.TA006', 1 ,  '1986-01-03')
INSERT INTO Attendance(Attend_ID,Employee_ID,Month,Date) VALUES ('EMAC.TA006.01.04','EMAC.TA006', 1 ,  '1986-01-04')
INSERT INTO Attendance(Attend_ID,Employee_ID,Month,Date) VALUES ('EMAC.TA006.01.05','EMAC.TA006', 1 ,  '1986-01-05')
INSERT INTO Attendance(Attend_ID,Employee_ID,Month,Date) VALUES ('EMAC.TA006.01.06','EMAC.TA006', 1 ,  '1986-01-06')
INSERT INTO Attendance(Attend_ID,Employee_ID,Month,Date) VALUES ('EMAC.TA006.01.07','EMAC.TA006', 1 ,  '1986-01-07')
INSERT INTO Attendance(Attend_ID,Employee_ID,Month,Date) VALUES ('EMAC.TA006.01.08','EMAC.TA006', 1 ,  '1986-01-08')
INSERT INTO Attendance(Attend_ID,Employee_ID,Month,Date) VALUES ('EMAC.TA006.01.09','EMAC.TA006', 1 ,  '1986-01-09')
INSERT INTO Attendance(Attend_ID,Employee_ID,Month,Date) VALUES ('EMAC.TA006.01.10','EMAC.TA006', 1 ,  '1986-01-10')
INSERT INTO Attendance(Attend_ID,Employee_ID,Month,Date) VALUES ('EMAC.TA006.01.12','EMAC.TA006', 1 ,  '1986-01-12')
INSERT INTO Attendance(Attend_ID,Employee_ID,Month,Date) VALUES ('EMAC.TA006.01.13','EMAC.TA006', 1 ,  '1986-01-13')
INSERT INTO Attendance(Attend_ID,Employee_ID,Month,Date) VALUES ('EMAC.TA006.01.14','EMAC.TA006', 1 ,  '1986-01-14')
INSERT INTO Attendance(Attend_ID,Employee_ID,Month,Date) VALUES ('EMAC.TA006.01.15','EMAC.TA006', 1 ,  '1986-01-15')
INSERT INTO Attendance(Attend_ID,Employee_ID,Month,Date) VALUES ('EMAC.TA006.01.16','EMAC.TA006', 1 ,  '1986-01-16')
INSERT INTO Attendance(Attend_ID,Employee_ID,Month,Date) VALUES ('EMAC.TA006.01.17','EMAC.TA006', 1 ,  '1986-01-17')
INSERT INTO Attendance(Attend_ID,Employee_ID,Month,Date) VALUES ('EMAC.TA006.01.18','EMAC.TA006', 1 ,  '1986-01-18')
INSERT INTO Attendance(Attend_ID,Employee_ID,Month,Date) VALUES ('EMAC.TA006.01.19','EMAC.TA006', 1 ,  '1986-01-19')
INSERT INTO Attendance(Attend_ID,Employee_ID,Month,Date) VALUES ('EMAC.TA006.01.20','EMAC.TA006', 1 ,  '1986-01-20')
INSERT INTO Attendance(Attend_ID,Employee_ID,Month,Date) VALUES ('EMAC.TA006.01.21','EMAC.TA006', 1 ,  '1986-01-21')
INSERT INTO Attendance(Attend_ID,Employee_ID,Month,Date) VALUES ('EMAC.TA006.01.22','EMAC.TA006', 1 ,  '1986-01-22')
INSERT INTO Attendance(Attend_ID,Employee_ID,Month,Date) VALUES ('EMAC.TA006.01.24','EMAC.TA006', 1 ,  '1986-01-24')
INSERT INTO Attendance(Attend_ID,Employee_ID,Month,Date) VALUES ('EMAC.TA006.01.25','EMAC.TA006', 1 ,  '1986-01-25')
INSERT INTO Attendance(Attend_ID,Employee_ID,Month,Date) VALUES ('EMAC.TA006.01.26','EMAC.TA006', 1 ,  '1986-01-26')
INSERT INTO Attendance(Attend_ID,Employee_ID,Month,Date) VALUES ('EMAC.TA006.01.27','EMAC.TA006', 1 ,  '1986-01-27')
INSERT INTO Attendance(Attend_ID,Employee_ID,Month,Date) VALUES ('EMAC.TA006.01.28','EMAC.TA006', 1 ,  '1986-01-28')
INSERT INTO Attendance(Attend_ID,Employee_ID,Month,Date) VALUES ('EMAC.TA006.01.29','EMAC.TA006', 1 ,  '1986-01-29')
INSERT INTO Attendance(Attend_ID,Employee_ID,Month,Date) VALUES ('EMAC.TA006.01.30','EMAC.TA006', 1 ,  '1986-01-30')
INSERT INTO Attendance(Attend_ID,Employee_ID,Month,Date) VALUES ('EMAC.TA006.01.31','EMAC.TA006', 1 ,  '1986-01-31')

INSERT INTO Attendance(Attend_ID,Employee_ID,Month,Date) VALUES ('EMAC.TA007.01.01','EMAC.TA007', 1 ,  '1986-01-01')
INSERT INTO Attendance(Attend_ID,Employee_ID,Month,Date) VALUES ('EMAC.TA007.01.02','EMAC.TA007', 1 ,  '1986-01-02')
INSERT INTO Attendance(Attend_ID,Employee_ID,Month,Date) VALUES ('EMAC.TA007.01.03','EMAC.TA007', 1 ,  '1986-01-03')
INSERT INTO Attendance(Attend_ID,Employee_ID,Month,Date) VALUES ('EMAC.TA007.01.04','EMAC.TA007', 1 ,  '1986-01-04')
INSERT INTO Attendance(Attend_ID,Employee_ID,Month,Date) VALUES ('EMAC.TA007.01.05','EMAC.TA007', 1 ,  '1986-01-05')
INSERT INTO Attendance(Attend_ID,Employee_ID,Month,Date) VALUES ('EMAC.TA007.01.06','EMAC.TA007', 1 ,  '1986-01-06')
INSERT INTO Attendance(Attend_ID,Employee_ID,Month,Date) VALUES ('EMAC.TA007.01.07','EMAC.TA007', 1 ,  '1986-01-07')
INSERT INTO Attendance(Attend_ID,Employee_ID,Month,Date) VALUES ('EMAC.TA007.01.08','EMAC.TA007', 1 ,  '1986-01-08')
INSERT INTO Attendance(Attend_ID,Employee_ID,Month,Date) VALUES ('EMAC.TA007.01.09','EMAC.TA007', 1 ,  '1986-01-09')
INSERT INTO Attendance(Attend_ID,Employee_ID,Month,Date) VALUES ('EMAC.TA007.01.10','EMAC.TA007', 1 ,  '1986-01-10')
INSERT INTO Attendance(Attend_ID,Employee_ID,Month,Date) VALUES ('EMAC.TA007.01.11','EMAC.TA007', 1 ,  '1986-01-11')
INSERT INTO Attendance(Attend_ID,Employee_ID,Month,Date) VALUES ('EMAC.TA007.01.12','EMAC.TA007', 1 ,  '1986-01-12')
INSERT INTO Attendance(Attend_ID,Employee_ID,Month,Date) VALUES ('EMAC.TA007.01.13','EMAC.TA007', 1 ,  '1986-01-13')
INSERT INTO Attendance(Attend_ID,Employee_ID,Month,Date) VALUES ('EMAC.TA007.01.14','EMAC.TA007', 1 ,  '1986-01-14')
INSERT INTO Attendance(Attend_ID,Employee_ID,Month,Date) VALUES ('EMAC.TA007.01.15','EMAC.TA007', 1 ,  '1986-01-15')
INSERT INTO Attendance(Attend_ID,Employee_ID,Month,Date) VALUES ('EMAC.TA007.01.16','EMAC.TA007', 1 ,  '1986-01-16')
INSERT INTO Attendance(Attend_ID,Employee_ID,Month,Date) VALUES ('EMAC.TA007.01.17','EMAC.TA007', 1 ,  '1986-01-17')
INSERT INTO Attendance(Attend_ID,Employee_ID,Month,Date) VALUES ('EMAC.TA007.01.18','EMAC.TA007', 1 ,  '1986-01-18')
INSERT INTO Attendance(Attend_ID,Employee_ID,Month,Date) VALUES ('EMAC.TA007.01.19','EMAC.TA007', 1 ,  '1986-01-19')
INSERT INTO Attendance(Attend_ID,Employee_ID,Month,Date) VALUES ('EMAC.TA007.01.20','EMAC.TA007', 1 ,  '1986-01-20')
INSERT INTO Attendance(Attend_ID,Employee_ID,Month,Date) VALUES ('EMAC.TA007.01.21','EMAC.TA007', 1 ,  '1986-01-21')
INSERT INTO Attendance(Attend_ID,Employee_ID,Month,Date) VALUES ('EMAC.TA007.01.22','EMAC.TA007', 1 ,  '1986-01-22')
INSERT INTO Attendance(Attend_ID,Employee_ID,Month,Date) VALUES ('EMAC.TA007.01.23','EMAC.TA007', 1 ,  '1986-01-23')
INSERT INTO Attendance(Attend_ID,Employee_ID,Month,Date) VALUES ('EMAC.TA007.01.24','EMAC.TA007', 1 ,  '1986-01-24')
INSERT INTO Attendance(Attend_ID,Employee_ID,Month,Date) VALUES ('EMAC.TA007.01.25','EMAC.TA007', 1 ,  '1986-01-25')
INSERT INTO Attendance(Attend_ID,Employee_ID,Month,Date) VALUES ('EMAC.TA007.01.26','EMAC.TA007', 1 ,  '1986-01-26')
INSERT INTO Attendance(Attend_ID,Employee_ID,Month,Date) VALUES ('EMAC.TA007.01.27','EMAC.TA007', 1 ,  '1986-01-27')
INSERT INTO Attendance(Attend_ID,Employee_ID,Month,Date) VALUES ('EMAC.TA007.01.28','EMAC.TA007', 1 ,  '1986-01-28')
INSERT INTO Attendance(Attend_ID,Employee_ID,Month,Date) VALUES ('EMAC.TA007.01.29','EMAC.TA007', 1 ,  '1986-01-29')
INSERT INTO Attendance(Attend_ID,Employee_ID,Month,Date) VALUES ('EMAC.TA007.01.30','EMAC.TA007', 1 ,  '1986-01-30')
INSERT INTO Attendance(Attend_ID,Employee_ID,Month,Date) VALUES ('EMAC.TA007.01.31','EMAC.TA007', 1 ,  '1986-01-31')

INSERT INTO Attendance(Attend_ID,Employee_ID,Month,Date) VALUES ('EMSA.TA001.01.01','EMSA.TA001', 1 ,  '1986-01-01')
INSERT INTO Attendance(Attend_ID,Employee_ID,Month,Date) VALUES ('EMSA.TA001.01.02','EMSA.TA001', 1 ,  '1986-01-02')
INSERT INTO Attendance(Attend_ID,Employee_ID,Month,Date) VALUES ('EMSA.TA001.01.03','EMSA.TA001', 1 ,  '1986-01-03')
INSERT INTO Attendance(Attend_ID,Employee_ID,Month,Date) VALUES ('EMSA.TA001.01.04','EMSA.TA001', 1 ,  '1986-01-04')
INSERT INTO Attendance(Attend_ID,Employee_ID,Month,Date) VALUES ('EMSA.TA001.01.05','EMSA.TA001', 1 ,  '1986-01-05')
INSERT INTO Attendance(Attend_ID,Employee_ID,Month,Date) VALUES ('EMSA.TA001.01.06','EMSA.TA001', 1 ,  '1986-01-06')
INSERT INTO Attendance(Attend_ID,Employee_ID,Month,Date) VALUES ('EMSA.TA001.01.07','EMSA.TA001', 1 ,  '1986-01-07')
INSERT INTO Attendance(Attend_ID,Employee_ID,Month,Date) VALUES ('EMSA.TA001.01.08','EMSA.TA001', 1 ,  '1986-01-08')
INSERT INTO Attendance(Attend_ID,Employee_ID,Month,Date) VALUES ('EMSA.TA001.01.10','EMSA.TA001', 1 ,  '1986-01-10')
INSERT INTO Attendance(Attend_ID,Employee_ID,Month,Date) VALUES ('EMSA.TA001.01.11','EMSA.TA001', 1 ,  '1986-01-11')
INSERT INTO Attendance(Attend_ID,Employee_ID,Month,Date) VALUES ('EMSA.TA001.01.12','EMSA.TA001', 1 ,  '1986-01-12')
INSERT INTO Attendance(Attend_ID,Employee_ID,Month,Date) VALUES ('EMSA.TA001.01.13','EMSA.TA001', 1 ,  '1986-01-13')
INSERT INTO Attendance(Attend_ID,Employee_ID,Month,Date) VALUES ('EMSA.TA001.01.14','EMSA.TA001', 1 ,  '1986-01-14')
INSERT INTO Attendance(Attend_ID,Employee_ID,Month,Date) VALUES ('EMSA.TA001.01.15','EMSA.TA001', 1 ,  '1986-01-15')
INSERT INTO Attendance(Attend_ID,Employee_ID,Month,Date) VALUES ('EMSA.TA001.01.16','EMSA.TA001', 1 ,  '1986-01-16')
INSERT INTO Attendance(Attend_ID,Employee_ID,Month,Date) VALUES ('EMSA.TA001.01.17','EMSA.TA001', 1 ,  '1986-01-17')
INSERT INTO Attendance(Attend_ID,Employee_ID,Month,Date) VALUES ('EMSA.TA001.01.19','EMSA.TA001', 1 ,  '1986-01-19')
INSERT INTO Attendance(Attend_ID,Employee_ID,Month,Date) VALUES ('EMSA.TA001.01.20','EMSA.TA001', 1 ,  '1986-01-20')
INSERT INTO Attendance(Attend_ID,Employee_ID,Month,Date) VALUES ('EMSA.TA001.01.21','EMSA.TA001', 1 ,  '1986-01-21')
INSERT INTO Attendance(Attend_ID,Employee_ID,Month,Date) VALUES ('EMSA.TA001.01.22','EMSA.TA001', 1 ,  '1986-01-22')
INSERT INTO Attendance(Attend_ID,Employee_ID,Month,Date) VALUES ('EMSA.TA001.01.23','EMSA.TA001', 1 ,  '1986-01-23')
INSERT INTO Attendance(Attend_ID,Employee_ID,Month,Date) VALUES ('EMSA.TA001.01.24','EMSA.TA001', 1 ,  '1986-01-24')
INSERT INTO Attendance(Attend_ID,Employee_ID,Month,Date) VALUES ('EMSA.TA001.01.25','EMSA.TA001', 1 ,  '1986-01-25')
INSERT INTO Attendance(Attend_ID,Employee_ID,Month,Date) VALUES ('EMSA.TA001.01.26','EMSA.TA001', 1 ,  '1986-01-26')
INSERT INTO Attendance(Attend_ID,Employee_ID,Month,Date) VALUES ('EMSA.TA001.01.27','EMSA.TA001', 1 ,  '1986-01-27')
INSERT INTO Attendance(Attend_ID,Employee_ID,Month,Date) VALUES ('EMSA.TA001.01.28','EMSA.TA001', 1 ,  '1986-01-28')
INSERT INTO Attendance(Attend_ID,Employee_ID,Month,Date) VALUES ('EMSA.TA001.01.29','EMSA.TA001', 1 ,  '1986-01-29')
INSERT INTO Attendance(Attend_ID,Employee_ID,Month,Date) VALUES ('EMSA.TA001.01.30','EMSA.TA001', 1 ,  '1986-01-30')
INSERT INTO Attendance(Attend_ID,Employee_ID,Month,Date) VALUES ('EMSA.TA001.01.31','EMSA.TA001', 1 ,  '1986-01-31')

INSERT INTO Attendance(Attend_ID,Employee_ID,Month,Date) VALUES ('EMSA.TA002.01.01','EMSA.TA002', 1 ,  '1986-01-01')
INSERT INTO Attendance(Attend_ID,Employee_ID,Month,Date) VALUES ('EMSA.TA002.01.02','EMSA.TA002', 1 ,  '1986-01-02')
INSERT INTO Attendance(Attend_ID,Employee_ID,Month,Date) VALUES ('EMSA.TA002.01.03','EMSA.TA002', 1 ,  '1986-01-03')
INSERT INTO Attendance(Attend_ID,Employee_ID,Month,Date) VALUES ('EMSA.TA002.01.04','EMSA.TA002', 1 ,  '1986-01-04')
INSERT INTO Attendance(Attend_ID,Employee_ID,Month,Date) VALUES ('EMSA.TA002.01.05','EMSA.TA002', 1 ,  '1986-01-05')
INSERT INTO Attendance(Attend_ID,Employee_ID,Month,Date) VALUES ('EMSA.TA002.01.06','EMSA.TA002', 1 ,  '1986-01-06')
INSERT INTO Attendance(Attend_ID,Employee_ID,Month,Date) VALUES ('EMSA.TA002.01.07','EMSA.TA002', 1 ,  '1986-01-07')
INSERT INTO Attendance(Attend_ID,Employee_ID,Month,Date) VALUES ('EMSA.TA002.01.08','EMSA.TA002', 1 ,  '1986-01-08')
INSERT INTO Attendance(Attend_ID,Employee_ID,Month,Date) VALUES ('EMSA.TA002.01.09','EMSA.TA002', 1 ,  '1986-01-09')
INSERT INTO Attendance(Attend_ID,Employee_ID,Month,Date) VALUES ('EMSA.TA002.01.10','EMSA.TA002', 1 ,  '1986-01-10')
INSERT INTO Attendance(Attend_ID,Employee_ID,Month,Date) VALUES ('EMSA.TA002.01.11','EMSA.TA002', 1 ,  '1986-01-11')
INSERT INTO Attendance(Attend_ID,Employee_ID,Month,Date) VALUES ('EMSA.TA002.01.12','EMSA.TA002', 1 ,  '1986-01-12')
INSERT INTO Attendance(Attend_ID,Employee_ID,Month,Date) VALUES ('EMSA.TA002.01.13','EMSA.TA002', 1 ,  '1986-01-13')
INSERT INTO Attendance(Attend_ID,Employee_ID,Month,Date) VALUES ('EMSA.TA002.01.14','EMSA.TA002', 1 ,  '1986-01-14')
INSERT INTO Attendance(Attend_ID,Employee_ID,Month,Date) VALUES ('EMSA.TA002.01.15','EMSA.TA002', 1 ,  '1986-01-15')
INSERT INTO Attendance(Attend_ID,Employee_ID,Month,Date) VALUES ('EMSA.TA002.01.16','EMSA.TA002', 1 ,  '1986-01-16')
INSERT INTO Attendance(Attend_ID,Employee_ID,Month,Date) VALUES ('EMSA.TA002.01.17','EMSA.TA002', 1 ,  '1986-01-17')
INSERT INTO Attendance(Attend_ID,Employee_ID,Month,Date) VALUES ('EMSA.TA002.01.18','EMSA.TA002', 1 ,  '1986-01-18')
INSERT INTO Attendance(Attend_ID,Employee_ID,Month,Date) VALUES ('EMSA.TA002.01.19','EMSA.TA002', 1 ,  '1986-01-19')
INSERT INTO Attendance(Attend_ID,Employee_ID,Month,Date) VALUES ('EMSA.TA002.01.20','EMSA.TA002', 1 ,  '1986-01-20')
INSERT INTO Attendance(Attend_ID,Employee_ID,Month,Date) VALUES ('EMSA.TA002.01.21','EMSA.TA002', 1 ,  '1986-01-21')
INSERT INTO Attendance(Attend_ID,Employee_ID,Month,Date) VALUES ('EMSA.TA002.01.22','EMSA.TA002', 1 ,  '1986-01-22')
INSERT INTO Attendance(Attend_ID,Employee_ID,Month,Date) VALUES ('EMSA.TA002.01.23','EMSA.TA002', 1 ,  '1986-01-23')
INSERT INTO Attendance(Attend_ID,Employee_ID,Month,Date) VALUES ('EMSA.TA002.01.24','EMSA.TA002', 1 ,  '1986-01-24')
INSERT INTO Attendance(Attend_ID,Employee_ID,Month,Date) VALUES ('EMSA.TA002.01.25','EMSA.TA002', 1 ,  '1986-01-25')
INSERT INTO Attendance(Attend_ID,Employee_ID,Month,Date) VALUES ('EMSA.TA002.01.26','EMSA.TA002', 1 ,  '1986-01-26')
INSERT INTO Attendance(Attend_ID,Employee_ID,Month,Date) VALUES ('EMSA.TA002.01.27','EMSA.TA002', 1 ,  '1986-01-27')
INSERT INTO Attendance(Attend_ID,Employee_ID,Month,Date) VALUES ('EMSA.TA002.01.28','EMSA.TA002', 1 ,  '1986-01-28')
INSERT INTO Attendance(Attend_ID,Employee_ID,Month,Date) VALUES ('EMSA.TA002.01.29','EMSA.TA002', 1 ,  '1986-01-29')
INSERT INTO Attendance(Attend_ID,Employee_ID,Month,Date) VALUES ('EMSA.TA002.01.30','EMSA.TA002', 1 ,  '1986-01-30')
INSERT INTO Attendance(Attend_ID,Employee_ID,Month,Date) VALUES ('EMSA.TA002.01.31','EMSA.TA002', 1 ,  '1986-01-31')

INSERT INTO Attendance(Attend_ID,Employee_ID,Month,Date) VALUES ('EMSA.TA003.01.01','EMSA.TA003', 1 ,  '1986-01-01')
INSERT INTO Attendance(Attend_ID,Employee_ID,Month,Date) VALUES ('EMSA.TA003.01.02','EMSA.TA003', 1 ,  '1986-01-02')
INSERT INTO Attendance(Attend_ID,Employee_ID,Month,Date) VALUES ('EMSA.TA003.01.03','EMSA.TA003', 1 ,  '1986-01-03')
INSERT INTO Attendance(Attend_ID,Employee_ID,Month,Date) VALUES ('EMSA.TA003.01.04','EMSA.TA003', 1 ,  '1986-01-04')
INSERT INTO Attendance(Attend_ID,Employee_ID,Month,Date) VALUES ('EMSA.TA003.01.05','EMSA.TA003', 1 ,  '1986-01-05')
INSERT INTO Attendance(Attend_ID,Employee_ID,Month,Date) VALUES ('EMSA.TA003.01.06','EMSA.TA003', 1 ,  '1986-01-06')
INSERT INTO Attendance(Attend_ID,Employee_ID,Month,Date) VALUES ('EMSA.TA003.01.07','EMSA.TA003', 1 ,  '1986-01-07')
INSERT INTO Attendance(Attend_ID,Employee_ID,Month,Date) VALUES ('EMSA.TA003.01.08','EMSA.TA003', 1 ,  '1986-01-08')
INSERT INTO Attendance(Attend_ID,Employee_ID,Month,Date) VALUES ('EMSA.TA003.01.09','EMSA.TA003', 1 ,  '1986-01-09')
INSERT INTO Attendance(Attend_ID,Employee_ID,Month,Date) VALUES ('EMSA.TA003.01.10','EMSA.TA003', 1 ,  '1986-01-10')
INSERT INTO Attendance(Attend_ID,Employee_ID,Month,Date) VALUES ('EMSA.TA003.01.11','EMSA.TA003', 1 ,  '1986-01-11')
INSERT INTO Attendance(Attend_ID,Employee_ID,Month,Date) VALUES ('EMSA.TA003.01.12','EMSA.TA003', 1 ,  '1986-01-12')
INSERT INTO Attendance(Attend_ID,Employee_ID,Month,Date) VALUES ('EMSA.TA003.01.13','EMSA.TA003', 1 ,  '1986-01-13')
INSERT INTO Attendance(Attend_ID,Employee_ID,Month,Date) VALUES ('EMSA.TA003.01.14','EMSA.TA003', 1 ,  '1986-01-14')
INSERT INTO Attendance(Attend_ID,Employee_ID,Month,Date) VALUES ('EMSA.TA003.01.15','EMSA.TA003', 1 ,  '1986-01-15')
INSERT INTO Attendance(Attend_ID,Employee_ID,Month,Date) VALUES ('EMSA.TA003.01.16','EMSA.TA003', 1 ,  '1986-01-16')
INSERT INTO Attendance(Attend_ID,Employee_ID,Month,Date) VALUES ('EMSA.TA003.01.17','EMSA.TA003', 1 ,  '1986-01-17')
INSERT INTO Attendance(Attend_ID,Employee_ID,Month,Date) VALUES ('EMSA.TA003.01.18','EMSA.TA003', 1 ,  '1986-01-18')
INSERT INTO Attendance(Attend_ID,Employee_ID,Month,Date) VALUES ('EMSA.TA003.01.19','EMSA.TA003', 1 ,  '1986-01-19')
INSERT INTO Attendance(Attend_ID,Employee_ID,Month,Date) VALUES ('EMSA.TA003.01.20','EMSA.TA003', 1 ,  '1986-01-20')
INSERT INTO Attendance(Attend_ID,Employee_ID,Month,Date) VALUES ('EMSA.TA003.01.21','EMSA.TA003', 1 ,  '1986-01-21')
INSERT INTO Attendance(Attend_ID,Employee_ID,Month,Date) VALUES ('EMSA.TA003.01.22','EMSA.TA003', 1 ,  '1986-01-22')
INSERT INTO Attendance(Attend_ID,Employee_ID,Month,Date) VALUES ('EMSA.TA003.01.23','EMSA.TA003', 1 ,  '1986-01-23')
INSERT INTO Attendance(Attend_ID,Employee_ID,Month,Date) VALUES ('EMSA.TA003.01.24','EMSA.TA003', 1 ,  '1986-01-24')
INSERT INTO Attendance(Attend_ID,Employee_ID,Month,Date) VALUES ('EMSA.TA003.01.25','EMSA.TA003', 1 ,  '1986-01-25')
INSERT INTO Attendance(Attend_ID,Employee_ID,Month,Date) VALUES ('EMSA.TA003.01.26','EMSA.TA003', 1 ,  '1986-01-26')
INSERT INTO Attendance(Attend_ID,Employee_ID,Month,Date) VALUES ('EMSA.TA003.01.27','EMSA.TA003', 1 ,  '1986-01-27')
INSERT INTO Attendance(Attend_ID,Employee_ID,Month,Date) VALUES ('EMSA.TA003.01.28','EMSA.TA003', 1 ,  '1986-01-28')
INSERT INTO Attendance(Attend_ID,Employee_ID,Month,Date) VALUES ('EMSA.TA003.01.29','EMSA.TA003', 1 ,  '1986-01-29')
INSERT INTO Attendance(Attend_ID,Employee_ID,Month,Date) VALUES ('EMSA.TA003.01.30','EMSA.TA003', 1 ,  '1986-01-30')
INSERT INTO Attendance(Attend_ID,Employee_ID,Month,Date) VALUES ('EMSA.TA003.01.31','EMSA.TA003', 1 ,  '1986-01-31')

INSERT INTO Attendance(Attend_ID,Employee_ID,Month,Date) VALUES ('EMSA.TA004.01.01','EMSA.TA004', 1 ,  '1986-01-01')
INSERT INTO Attendance(Attend_ID,Employee_ID,Month,Date) VALUES ('EMSA.TA004.01.02','EMSA.TA004', 1 ,  '1986-01-02')
INSERT INTO Attendance(Attend_ID,Employee_ID,Month,Date) VALUES ('EMSA.TA004.01.03','EMSA.TA004', 1 ,  '1986-01-03')
INSERT INTO Attendance(Attend_ID,Employee_ID,Month,Date) VALUES ('EMSA.TA004.01.04','EMSA.TA004', 1 ,  '1986-01-04')
INSERT INTO Attendance(Attend_ID,Employee_ID,Month,Date) VALUES ('EMSA.TA004.01.05','EMSA.TA004', 1 ,  '1986-01-05')
INSERT INTO Attendance(Attend_ID,Employee_ID,Month,Date) VALUES ('EMSA.TA004.01.06','EMSA.TA004', 1 ,  '1986-01-06')
INSERT INTO Attendance(Attend_ID,Employee_ID,Month,Date) VALUES ('EMSA.TA004.01.07','EMSA.TA004', 1 ,  '1986-01-07')
INSERT INTO Attendance(Attend_ID,Employee_ID,Month,Date) VALUES ('EMSA.TA004.01.08','EMSA.TA004', 1 ,  '1986-01-08')
INSERT INTO Attendance(Attend_ID,Employee_ID,Month,Date) VALUES ('EMSA.TA004.01.09','EMSA.TA004', 1 ,  '1986-01-09')
INSERT INTO Attendance(Attend_ID,Employee_ID,Month,Date) VALUES ('EMSA.TA004.01.10','EMSA.TA004', 1 ,  '1986-01-10')
INSERT INTO Attendance(Attend_ID,Employee_ID,Month,Date) VALUES ('EMSA.TA004.01.11','EMSA.TA004', 1 ,  '1986-01-11')
INSERT INTO Attendance(Attend_ID,Employee_ID,Month,Date) VALUES ('EMSA.TA004.01.12','EMSA.TA004', 1 ,  '1986-01-12')
INSERT INTO Attendance(Attend_ID,Employee_ID,Month,Date) VALUES ('EMSA.TA004.01.13','EMSA.TA004', 1 ,  '1986-01-13')
INSERT INTO Attendance(Attend_ID,Employee_ID,Month,Date) VALUES ('EMSA.TA004.01.14','EMSA.TA004', 1 ,  '1986-01-14')
INSERT INTO Attendance(Attend_ID,Employee_ID,Month,Date) VALUES ('EMSA.TA004.01.15','EMSA.TA004', 1 ,  '1986-01-15')
INSERT INTO Attendance(Attend_ID,Employee_ID,Month,Date) VALUES ('EMSA.TA004.01.16','EMSA.TA004', 1 ,  '1986-01-16')
INSERT INTO Attendance(Attend_ID,Employee_ID,Month,Date) VALUES ('EMSA.TA004.01.17','EMSA.TA004', 1 ,  '1986-01-17')
INSERT INTO Attendance(Attend_ID,Employee_ID,Month,Date) VALUES ('EMSA.TA004.01.18','EMSA.TA004', 1 ,  '1986-01-18')
INSERT INTO Attendance(Attend_ID,Employee_ID,Month,Date) VALUES ('EMSA.TA004.01.19','EMSA.TA004', 1 ,  '1986-01-19')
INSERT INTO Attendance(Attend_ID,Employee_ID,Month,Date) VALUES ('EMSA.TA004.01.20','EMSA.TA004', 1 ,  '1986-01-20')
INSERT INTO Attendance(Attend_ID,Employee_ID,Month,Date) VALUES ('EMSA.TA004.01.21','EMSA.TA004', 1 ,  '1986-01-21')
INSERT INTO Attendance(Attend_ID,Employee_ID,Month,Date) VALUES ('EMSA.TA004.01.22','EMSA.TA004', 1 ,  '1986-01-22')
INSERT INTO Attendance(Attend_ID,Employee_ID,Month,Date) VALUES ('EMSA.TA004.01.23','EMSA.TA004', 1 ,  '1986-01-23')
INSERT INTO Attendance(Attend_ID,Employee_ID,Month,Date) VALUES ('EMSA.TA004.01.24','EMSA.TA004', 1 ,  '1986-01-24')
INSERT INTO Attendance(Attend_ID,Employee_ID,Month,Date) VALUES ('EMSA.TA004.01.25','EMSA.TA004', 1 ,  '1986-01-25')
INSERT INTO Attendance(Attend_ID,Employee_ID,Month,Date) VALUES ('EMSA.TA004.01.26','EMSA.TA004', 1 ,  '1986-01-26')
INSERT INTO Attendance(Attend_ID,Employee_ID,Month,Date) VALUES ('EMSA.TA004.01.27','EMSA.TA004', 1 ,  '1986-01-27')
INSERT INTO Attendance(Attend_ID,Employee_ID,Month,Date) VALUES ('EMSA.TA004.01.28','EMSA.TA004', 1 ,  '1986-01-28')
INSERT INTO Attendance(Attend_ID,Employee_ID,Month,Date) VALUES ('EMSA.TA004.01.29','EMSA.TA004', 1 ,  '1986-01-29')
INSERT INTO Attendance(Attend_ID,Employee_ID,Month,Date) VALUES ('EMSA.TA004.01.30','EMSA.TA004', 1 ,  '1986-01-30')
INSERT INTO Attendance(Attend_ID,Employee_ID,Month,Date) VALUES ('EMSA.TA004.01.31','EMSA.TA004', 1 ,  '1986-01-31')

INSERT INTO Attendance(Attend_ID,Employee_ID,Month,Date) VALUES ('EMSA.TA005.01.01','EMSA.TA005', 1 ,  '1986-01-01')
INSERT INTO Attendance(Attend_ID,Employee_ID,Month,Date) VALUES ('EMSA.TA005.01.02','EMSA.TA005', 1 ,  '1986-01-02')
INSERT INTO Attendance(Attend_ID,Employee_ID,Month,Date) VALUES ('EMSA.TA005.01.03','EMSA.TA005', 1 ,  '1986-01-03')
INSERT INTO Attendance(Attend_ID,Employee_ID,Month,Date) VALUES ('EMSA.TA005.01.04','EMSA.TA005', 1 ,  '1986-01-04')
INSERT INTO Attendance(Attend_ID,Employee_ID,Month,Date) VALUES ('EMSA.TA005.01.05','EMSA.TA005', 1 ,  '1986-01-05')
INSERT INTO Attendance(Attend_ID,Employee_ID,Month,Date) VALUES ('EMSA.TA005.01.06','EMSA.TA005', 1 ,  '1986-01-06')
INSERT INTO Attendance(Attend_ID,Employee_ID,Month,Date) VALUES ('EMSA.TA005.01.07','EMSA.TA005', 1 ,  '1986-01-07')
INSERT INTO Attendance(Attend_ID,Employee_ID,Month,Date) VALUES ('EMSA.TA005.01.08','EMSA.TA005', 1 ,  '1986-01-08')
INSERT INTO Attendance(Attend_ID,Employee_ID,Month,Date) VALUES ('EMSA.TA005.01.09','EMSA.TA005', 1 ,  '1986-01-09')
INSERT INTO Attendance(Attend_ID,Employee_ID,Month,Date) VALUES ('EMSA.TA005.01.10','EMSA.TA005', 1 ,  '1986-01-10')
INSERT INTO Attendance(Attend_ID,Employee_ID,Month,Date) VALUES ('EMSA.TA005.01.11','EMSA.TA005', 1 ,  '1986-01-11')
INSERT INTO Attendance(Attend_ID,Employee_ID,Month,Date) VALUES ('EMSA.TA005.01.12','EMSA.TA005', 1 ,  '1986-01-12')
INSERT INTO Attendance(Attend_ID,Employee_ID,Month,Date) VALUES ('EMSA.TA005.01.13','EMSA.TA005', 1 ,  '1986-01-13')
INSERT INTO Attendance(Attend_ID,Employee_ID,Month,Date) VALUES ('EMSA.TA005.01.14','EMSA.TA005', 1 ,  '1986-01-14')
INSERT INTO Attendance(Attend_ID,Employee_ID,Month,Date) VALUES ('EMSA.TA005.01.15','EMSA.TA005', 1 ,  '1986-01-15')
INSERT INTO Attendance(Attend_ID,Employee_ID,Month,Date) VALUES ('EMSA.TA005.01.16','EMSA.TA005', 1 ,  '1986-01-16')
INSERT INTO Attendance(Attend_ID,Employee_ID,Month,Date) VALUES ('EMSA.TA005.01.17','EMSA.TA005', 1 ,  '1986-01-17')
INSERT INTO Attendance(Attend_ID,Employee_ID,Month,Date) VALUES ('EMSA.TA005.01.18','EMSA.TA005', 1 ,  '1986-01-18')
INSERT INTO Attendance(Attend_ID,Employee_ID,Month,Date) VALUES ('EMSA.TA005.01.19','EMSA.TA005', 1 ,  '1986-01-19')
INSERT INTO Attendance(Attend_ID,Employee_ID,Month,Date) VALUES ('EMSA.TA005.01.20','EMSA.TA005', 1 ,  '1986-01-20')
INSERT INTO Attendance(Attend_ID,Employee_ID,Month,Date) VALUES ('EMSA.TA005.01.21','EMSA.TA005', 1 ,  '1986-01-21')
INSERT INTO Attendance(Attend_ID,Employee_ID,Month,Date) VALUES ('EMSA.TA005.01.22','EMSA.TA005', 1 ,  '1986-01-22')
INSERT INTO Attendance(Attend_ID,Employee_ID,Month,Date) VALUES ('EMSA.TA005.01.23','EMSA.TA005', 1 ,  '1986-01-23')
INSERT INTO Attendance(Attend_ID,Employee_ID,Month,Date) VALUES ('EMSA.TA005.01.24','EMSA.TA005', 1 ,  '1986-01-24')
INSERT INTO Attendance(Attend_ID,Employee_ID,Month,Date) VALUES ('EMSA.TA005.01.25','EMSA.TA005', 1 ,  '1986-01-25')
INSERT INTO Attendance(Attend_ID,Employee_ID,Month,Date) VALUES ('EMSA.TA005.01.26','EMSA.TA005', 1 ,  '1986-01-26')
INSERT INTO Attendance(Attend_ID,Employee_ID,Month,Date) VALUES ('EMSA.TA005.01.27','EMSA.TA005', 1 ,  '1986-01-27')
INSERT INTO Attendance(Attend_ID,Employee_ID,Month,Date) VALUES ('EMSA.TA005.01.28','EMSA.TA005', 1 ,  '1986-01-28')
INSERT INTO Attendance(Attend_ID,Employee_ID,Month,Date) VALUES ('EMSA.TA005.01.29','EMSA.TA005', 1 ,  '1986-01-29')
INSERT INTO Attendance(Attend_ID,Employee_ID,Month,Date) VALUES ('EMSA.TA005.01.30','EMSA.TA005', 1 ,  '1986-01-30')
INSERT INTO Attendance(Attend_ID,Employee_ID,Month,Date) VALUES ('EMSA.TA005.01.31','EMSA.TA005', 1 ,  '1986-01-31')

INSERT INTO Attendance(Attend_ID,Employee_ID,Month,Date) VALUES ('EMSA.TA006.01.01','EMSA.TA006', 1 ,  '1986-01-01')
INSERT INTO Attendance(Attend_ID,Employee_ID,Month,Date) VALUES ('EMSA.TA006.01.02','EMSA.TA006', 1 ,  '1986-01-02')
INSERT INTO Attendance(Attend_ID,Employee_ID,Month,Date) VALUES ('EMSA.TA006.01.03','EMSA.TA006', 1 ,  '1986-01-03')
INSERT INTO Attendance(Attend_ID,Employee_ID,Month,Date) VALUES ('EMSA.TA006.01.04','EMSA.TA006', 1 ,  '1986-01-04')
INSERT INTO Attendance(Attend_ID,Employee_ID,Month,Date) VALUES ('EMSA.TA006.01.05','EMSA.TA006', 1 ,  '1986-01-05')
INSERT INTO Attendance(Attend_ID,Employee_ID,Month,Date) VALUES ('EMSA.TA006.01.06','EMSA.TA006', 1 ,  '1986-01-06')
INSERT INTO Attendance(Attend_ID,Employee_ID,Month,Date) VALUES ('EMSA.TA006.01.07','EMSA.TA006', 1 ,  '1986-01-07')
INSERT INTO Attendance(Attend_ID,Employee_ID,Month,Date) VALUES ('EMSA.TA006.01.08','EMSA.TA006', 1 ,  '1986-01-08')
INSERT INTO Attendance(Attend_ID,Employee_ID,Month,Date) VALUES ('EMSA.TA006.01.09','EMSA.TA006', 1 ,  '1986-01-09')
INSERT INTO Attendance(Attend_ID,Employee_ID,Month,Date) VALUES ('EMSA.TA006.01.10','EMSA.TA006', 1 ,  '1986-01-10')
INSERT INTO Attendance(Attend_ID,Employee_ID,Month,Date) VALUES ('EMSA.TA006.01.11','EMSA.TA006', 1 ,  '1986-01-11')
INSERT INTO Attendance(Attend_ID,Employee_ID,Month,Date) VALUES ('EMSA.TA006.01.12','EMSA.TA006', 1 ,  '1986-01-12')
INSERT INTO Attendance(Attend_ID,Employee_ID,Month,Date) VALUES ('EMSA.TA006.01.13','EMSA.TA006', 1 ,  '1986-01-13')
INSERT INTO Attendance(Attend_ID,Employee_ID,Month,Date) VALUES ('EMSA.TA006.01.14','EMSA.TA006', 1 ,  '1986-01-14')
INSERT INTO Attendance(Attend_ID,Employee_ID,Month,Date) VALUES ('EMSA.TA006.01.15','EMSA.TA006', 1 ,  '1986-01-15')
INSERT INTO Attendance(Attend_ID,Employee_ID,Month,Date) VALUES ('EMSA.TA006.01.18','EMSA.TA006', 1 ,  '1986-01-18')
INSERT INTO Attendance(Attend_ID,Employee_ID,Month,Date) VALUES ('EMSA.TA006.01.19','EMSA.TA006', 1 ,  '1986-01-19')
INSERT INTO Attendance(Attend_ID,Employee_ID,Month,Date) VALUES ('EMSA.TA006.01.20','EMSA.TA006', 1 ,  '1986-01-20')
INSERT INTO Attendance(Attend_ID,Employee_ID,Month,Date) VALUES ('EMSA.TA006.01.21','EMSA.TA006', 1 ,  '1986-01-21')
INSERT INTO Attendance(Attend_ID,Employee_ID,Month,Date) VALUES ('EMSA.TA006.01.22','EMSA.TA006', 1 ,  '1986-01-22')
INSERT INTO Attendance(Attend_ID,Employee_ID,Month,Date) VALUES ('EMSA.TA006.01.23','EMSA.TA006', 1 ,  '1986-01-23')
INSERT INTO Attendance(Attend_ID,Employee_ID,Month,Date) VALUES ('EMSA.TA006.01.24','EMSA.TA006', 1 ,  '1986-01-24')
INSERT INTO Attendance(Attend_ID,Employee_ID,Month,Date) VALUES ('EMSA.TA006.01.25','EMSA.TA006', 1 ,  '1986-01-25')
INSERT INTO Attendance(Attend_ID,Employee_ID,Month,Date) VALUES ('EMSA.TA006.01.26','EMSA.TA006', 1 ,  '1986-01-26')
INSERT INTO Attendance(Attend_ID,Employee_ID,Month,Date) VALUES ('EMSA.TA006.01.27','EMSA.TA006', 1 ,  '1986-01-27')
INSERT INTO Attendance(Attend_ID,Employee_ID,Month,Date) VALUES ('EMSA.TA006.01.28','EMSA.TA006', 1 ,  '1986-01-28')
INSERT INTO Attendance(Attend_ID,Employee_ID,Month,Date) VALUES ('EMSA.TA006.01.29','EMSA.TA006', 1 ,  '1986-01-29')
INSERT INTO Attendance(Attend_ID,Employee_ID,Month,Date) VALUES ('EMSA.TA006.01.30','EMSA.TA006', 1 ,  '1986-01-30')
INSERT INTO Attendance(Attend_ID,Employee_ID,Month,Date) VALUES ('EMSA.TA006.01.31','EMSA.TA006', 1 ,  '1986-01-31')

INSERT INTO Attendance(Attend_ID,Employee_ID,Month,Date) VALUES ('EMSA.TA007.01.01','EMSA.TA007', 1 ,  '1986-01-01')
INSERT INTO Attendance(Attend_ID,Employee_ID,Month,Date) VALUES ('EMSA.TA007.01.02','EMSA.TA007', 1 ,  '1986-01-02')
INSERT INTO Attendance(Attend_ID,Employee_ID,Month,Date) VALUES ('EMSA.TA007.01.03','EMSA.TA007', 1 ,  '1986-01-03')
INSERT INTO Attendance(Attend_ID,Employee_ID,Month,Date) VALUES ('EMSA.TA007.01.04','EMSA.TA007', 1 ,  '1986-01-04')
INSERT INTO Attendance(Attend_ID,Employee_ID,Month,Date) VALUES ('EMSA.TA007.01.05','EMSA.TA007', 1 ,  '1986-01-05')
INSERT INTO Attendance(Attend_ID,Employee_ID,Month,Date) VALUES ('EMSA.TA007.01.06','EMSA.TA007', 1 ,  '1986-01-06')
INSERT INTO Attendance(Attend_ID,Employee_ID,Month,Date) VALUES ('EMSA.TA007.01.07','EMSA.TA007', 1 ,  '1986-01-07')
INSERT INTO Attendance(Attend_ID,Employee_ID,Month,Date) VALUES ('EMSA.TA007.01.08','EMSA.TA007', 1 ,  '1986-01-08')
INSERT INTO Attendance(Attend_ID,Employee_ID,Month,Date) VALUES ('EMSA.TA007.01.09','EMSA.TA007', 1 ,  '1986-01-09')
INSERT INTO Attendance(Attend_ID,Employee_ID,Month,Date) VALUES ('EMSA.TA007.01.10','EMSA.TA007', 1 ,  '1986-01-10')
INSERT INTO Attendance(Attend_ID,Employee_ID,Month,Date) VALUES ('EMSA.TA007.01.11','EMSA.TA007', 1 ,  '1986-01-11')
INSERT INTO Attendance(Attend_ID,Employee_ID,Month,Date) VALUES ('EMSA.TA007.01.12','EMSA.TA007', 1 ,  '1986-01-12')
INSERT INTO Attendance(Attend_ID,Employee_ID,Month,Date) VALUES ('EMSA.TA007.01.13','EMSA.TA007', 1 ,  '1986-01-13')
INSERT INTO Attendance(Attend_ID,Employee_ID,Month,Date) VALUES ('EMSA.TA007.01.14','EMSA.TA007', 1 ,  '1986-01-14')
INSERT INTO Attendance(Attend_ID,Employee_ID,Month,Date) VALUES ('EMSA.TA007.01.15','EMSA.TA007', 1 ,  '1986-01-15')
INSERT INTO Attendance(Attend_ID,Employee_ID,Month,Date) VALUES ('EMSA.TA007.01.16','EMSA.TA007', 1 ,  '1986-01-16')
INSERT INTO Attendance(Attend_ID,Employee_ID,Month,Date) VALUES ('EMSA.TA007.01.17','EMSA.TA007', 1 ,  '1986-01-17')
INSERT INTO Attendance(Attend_ID,Employee_ID,Month,Date) VALUES ('EMSA.TA007.01.18','EMSA.TA007', 1 ,  '1986-01-18')
INSERT INTO Attendance(Attend_ID,Employee_ID,Month,Date) VALUES ('EMSA.TA007.01.19','EMSA.TA007', 1 ,  '1986-01-19')
INSERT INTO Attendance(Attend_ID,Employee_ID,Month,Date) VALUES ('EMSA.TA007.01.20','EMSA.TA007', 1 ,  '1986-01-20')
INSERT INTO Attendance(Attend_ID,Employee_ID,Month,Date) VALUES ('EMSA.TA007.01.21','EMSA.TA007', 1 ,  '1986-01-21')
INSERT INTO Attendance(Attend_ID,Employee_ID,Month,Date) VALUES ('EMSA.TA007.01.22','EMSA.TA007', 1 ,  '1986-01-22')
INSERT INTO Attendance(Attend_ID,Employee_ID,Month,Date) VALUES ('EMSA.TA007.01.23','EMSA.TA007', 1 ,  '1986-01-23')
INSERT INTO Attendance(Attend_ID,Employee_ID,Month,Date) VALUES ('EMSA.TA007.01.24','EMSA.TA007', 1 ,  '1986-01-24')
INSERT INTO Attendance(Attend_ID,Employee_ID,Month,Date) VALUES ('EMSA.TA007.01.25','EMSA.TA007', 1 ,  '1986-01-25')
INSERT INTO Attendance(Attend_ID,Employee_ID,Month,Date) VALUES ('EMSA.TA007.01.26','EMSA.TA007', 1 ,  '1986-01-26')
INSERT INTO Attendance(Attend_ID,Employee_ID,Month,Date) VALUES ('EMSA.TA007.01.27','EMSA.TA007', 1 ,  '1986-01-27')
INSERT INTO Attendance(Attend_ID,Employee_ID,Month,Date) VALUES ('EMSA.TA007.01.28','EMSA.TA007', 1 ,  '1986-01-28')
INSERT INTO Attendance(Attend_ID,Employee_ID,Month,Date) VALUES ('EMSA.TA007.01.29','EMSA.TA007', 1 ,  '1986-01-29')
INSERT INTO Attendance(Attend_ID,Employee_ID,Month,Date) VALUES ('EMSA.TA007.01.30','EMSA.TA007', 1 ,  '1986-01-30')
INSERT INTO Attendance(Attend_ID,Employee_ID,Month,Date) VALUES ('EMSA.TA007.01.31','EMSA.TA007', 1 ,  '1986-01-31')

INSERT INTO Attendance(Attend_ID,Employee_ID,Month,Date) VALUES ('EMHR.TA001.01.01','EMHR.TA001', 1 ,  '1986-01-01')
INSERT INTO Attendance(Attend_ID,Employee_ID,Month,Date) VALUES ('EMHR.TA001.01.02','EMHR.TA001', 1 ,  '1986-01-02')
INSERT INTO Attendance(Attend_ID,Employee_ID,Month,Date) VALUES ('EMHR.TA001.01.03','EMHR.TA001', 1 ,  '1986-01-03')
INSERT INTO Attendance(Attend_ID,Employee_ID,Month,Date) VALUES ('EMHR.TA001.01.04','EMHR.TA001', 1 ,  '1986-01-04')
INSERT INTO Attendance(Attend_ID,Employee_ID,Month,Date) VALUES ('EMHR.TA001.01.05','EMHR.TA001', 1 ,  '1986-01-05')
INSERT INTO Attendance(Attend_ID,Employee_ID,Month,Date) VALUES ('EMHR.TA001.01.06','EMHR.TA001', 1 ,  '1986-01-06')
INSERT INTO Attendance(Attend_ID,Employee_ID,Month,Date) VALUES ('EMHR.TA001.01.07','EMHR.TA001', 1 ,  '1986-01-07')
INSERT INTO Attendance(Attend_ID,Employee_ID,Month,Date) VALUES ('EMHR.TA001.01.08','EMHR.TA001', 1 ,  '1986-01-08')
INSERT INTO Attendance(Attend_ID,Employee_ID,Month,Date) VALUES ('EMHR.TA001.01.09','EMHR.TA001', 1 ,  '1986-01-09')
INSERT INTO Attendance(Attend_ID,Employee_ID,Month,Date) VALUES ('EMHR.TA001.01.10','EMHR.TA001', 1 ,  '1986-01-10')
INSERT INTO Attendance(Attend_ID,Employee_ID,Month,Date) VALUES ('EMHR.TA001.01.11','EMHR.TA001', 1 ,  '1986-01-11')
INSERT INTO Attendance(Attend_ID,Employee_ID,Month,Date) VALUES ('EMHR.TA001.01.12','EMHR.TA001', 1 ,  '1986-01-12')
INSERT INTO Attendance(Attend_ID,Employee_ID,Month,Date) VALUES ('EMHR.TA001.01.13','EMHR.TA001', 1 ,  '1986-01-13')
INSERT INTO Attendance(Attend_ID,Employee_ID,Month,Date) VALUES ('EMHR.TA001.01.14','EMHR.TA001', 1 ,  '1986-01-14')
INSERT INTO Attendance(Attend_ID,Employee_ID,Month,Date) VALUES ('EMHR.TA001.01.15','EMHR.TA001', 1 ,  '1986-01-15')
INSERT INTO Attendance(Attend_ID,Employee_ID,Month,Date) VALUES ('EMHR.TA001.01.16','EMHR.TA001', 1 ,  '1986-01-16')
INSERT INTO Attendance(Attend_ID,Employee_ID,Month,Date) VALUES ('EMHR.TA001.01.17','EMHR.TA001', 1 ,  '1986-01-17')
INSERT INTO Attendance(Attend_ID,Employee_ID,Month,Date) VALUES ('EMHR.TA001.01.18','EMHR.TA001', 1 ,  '1986-01-18')
INSERT INTO Attendance(Attend_ID,Employee_ID,Month,Date) VALUES ('EMHR.TA001.01.19','EMHR.TA001', 1 ,  '1986-01-19')
INSERT INTO Attendance(Attend_ID,Employee_ID,Month,Date) VALUES ('EMHR.TA001.01.20','EMHR.TA001', 1 ,  '1986-01-20')
INSERT INTO Attendance(Attend_ID,Employee_ID,Month,Date) VALUES ('EMHR.TA001.01.21','EMHR.TA001', 1 ,  '1986-01-21')
INSERT INTO Attendance(Attend_ID,Employee_ID,Month,Date) VALUES ('EMHR.TA001.01.23','EMHR.TA001', 1 ,  '1986-01-23')
INSERT INTO Attendance(Attend_ID,Employee_ID,Month,Date) VALUES ('EMHR.TA001.01.24','EMHR.TA001', 1 ,  '1986-01-24')
INSERT INTO Attendance(Attend_ID,Employee_ID,Month,Date) VALUES ('EMHR.TA001.01.25','EMHR.TA001', 1 ,  '1986-01-25')
INSERT INTO Attendance(Attend_ID,Employee_ID,Month,Date) VALUES ('EMHR.TA001.01.26','EMHR.TA001', 1 ,  '1986-01-26')
INSERT INTO Attendance(Attend_ID,Employee_ID,Month,Date) VALUES ('EMHR.TA001.01.27','EMHR.TA001', 1 ,  '1986-01-27')
INSERT INTO Attendance(Attend_ID,Employee_ID,Month,Date) VALUES ('EMHR.TA001.01.28','EMHR.TA001', 1 ,  '1986-01-28')
INSERT INTO Attendance(Attend_ID,Employee_ID,Month,Date) VALUES ('EMHR.TA001.01.29','EMHR.TA001', 1 ,  '1986-01-29')
INSERT INTO Attendance(Attend_ID,Employee_ID,Month,Date) VALUES ('EMHR.TA001.01.30','EMHR.TA001', 1 ,  '1986-01-30')
INSERT INTO Attendance(Attend_ID,Employee_ID,Month,Date) VALUES ('EMHR.TA001.01.31','EMHR.TA001', 1 ,  '1986-01-31')

INSERT INTO Attendance(Attend_ID,Employee_ID,Month,Date) VALUES ('EMHR.TA002.01.01','EMHR.TA002', 1 ,  '1986-01-01')
INSERT INTO Attendance(Attend_ID,Employee_ID,Month,Date) VALUES ('EMHR.TA002.01.02','EMHR.TA002', 1 ,  '1986-01-02')
INSERT INTO Attendance(Attend_ID,Employee_ID,Month,Date) VALUES ('EMHR.TA002.01.03','EMHR.TA002', 1 ,  '1986-01-03')
INSERT INTO Attendance(Attend_ID,Employee_ID,Month,Date) VALUES ('EMHR.TA002.01.04','EMHR.TA002', 1 ,  '1986-01-04')
INSERT INTO Attendance(Attend_ID,Employee_ID,Month,Date) VALUES ('EMHR.TA002.01.05','EMHR.TA002', 1 ,  '1986-01-05')
INSERT INTO Attendance(Attend_ID,Employee_ID,Month,Date) VALUES ('EMHR.TA002.01.06','EMHR.TA002', 1 ,  '1986-01-06')
INSERT INTO Attendance(Attend_ID,Employee_ID,Month,Date) VALUES ('EMHR.TA002.01.07','EMHR.TA002', 1 ,  '1986-01-07')
INSERT INTO Attendance(Attend_ID,Employee_ID,Month,Date) VALUES ('EMHR.TA002.01.08','EMHR.TA002', 1 ,  '1986-01-08')
INSERT INTO Attendance(Attend_ID,Employee_ID,Month,Date) VALUES ('EMHR.TA002.01.09','EMHR.TA002', 1 ,  '1986-01-09')
INSERT INTO Attendance(Attend_ID,Employee_ID,Month,Date) VALUES ('EMHR.TA002.01.10','EMHR.TA002', 1 ,  '1986-01-10')
INSERT INTO Attendance(Attend_ID,Employee_ID,Month,Date) VALUES ('EMHR.TA002.01.11','EMHR.TA002', 1 ,  '1986-01-11')
INSERT INTO Attendance(Attend_ID,Employee_ID,Month,Date) VALUES ('EMHR.TA002.01.12','EMHR.TA002', 1 ,  '1986-01-12')
INSERT INTO Attendance(Attend_ID,Employee_ID,Month,Date) VALUES ('EMHR.TA002.01.13','EMHR.TA002', 1 ,  '1986-01-13')
INSERT INTO Attendance(Attend_ID,Employee_ID,Month,Date) VALUES ('EMHR.TA002.01.14','EMHR.TA002', 1 ,  '1986-01-14')
INSERT INTO Attendance(Attend_ID,Employee_ID,Month,Date) VALUES ('EMHR.TA002.01.15','EMHR.TA002', 1 ,  '1986-01-15')
INSERT INTO Attendance(Attend_ID,Employee_ID,Month,Date) VALUES ('EMHR.TA002.01.16','EMHR.TA002', 1 ,  '1986-01-16')
INSERT INTO Attendance(Attend_ID,Employee_ID,Month,Date) VALUES ('EMHR.TA002.01.17','EMHR.TA002', 1 ,  '1986-01-17')
INSERT INTO Attendance(Attend_ID,Employee_ID,Month,Date) VALUES ('EMHR.TA002.01.18','EMHR.TA002', 1 ,  '1986-01-18')
INSERT INTO Attendance(Attend_ID,Employee_ID,Month,Date) VALUES ('EMHR.TA002.01.19','EMHR.TA002', 1 ,  '1986-01-19')
INSERT INTO Attendance(Attend_ID,Employee_ID,Month,Date) VALUES ('EMHR.TA002.01.20','EMHR.TA002', 1 ,  '1986-01-20')
INSERT INTO Attendance(Attend_ID,Employee_ID,Month,Date) VALUES ('EMHR.TA002.01.21','EMHR.TA002', 1 ,  '1986-01-21')
INSERT INTO Attendance(Attend_ID,Employee_ID,Month,Date) VALUES ('EMHR.TA002.01.22','EMHR.TA002', 1 ,  '1986-01-22')
INSERT INTO Attendance(Attend_ID,Employee_ID,Month,Date) VALUES ('EMHR.TA002.01.23','EMHR.TA002', 1 ,  '1986-01-23')
INSERT INTO Attendance(Attend_ID,Employee_ID,Month,Date) VALUES ('EMHR.TA002.01.24','EMHR.TA002', 1 ,  '1986-01-24')
INSERT INTO Attendance(Attend_ID,Employee_ID,Month,Date) VALUES ('EMHR.TA002.01.25','EMHR.TA002', 1 ,  '1986-01-25')
INSERT INTO Attendance(Attend_ID,Employee_ID,Month,Date) VALUES ('EMHR.TA002.01.26','EMHR.TA002', 1 ,  '1986-01-26')
INSERT INTO Attendance(Attend_ID,Employee_ID,Month,Date) VALUES ('EMHR.TA002.01.27','EMHR.TA002', 1 ,  '1986-01-27')
INSERT INTO Attendance(Attend_ID,Employee_ID,Month,Date) VALUES ('EMHR.TA002.01.28','EMHR.TA002', 1 ,  '1986-01-28')
INSERT INTO Attendance(Attend_ID,Employee_ID,Month,Date) VALUES ('EMHR.TA002.01.29','EMHR.TA002', 1 ,  '1986-01-29')
INSERT INTO Attendance(Attend_ID,Employee_ID,Month,Date) VALUES ('EMHR.TA002.01.30','EMHR.TA002', 1 ,  '1986-01-30')
INSERT INTO Attendance(Attend_ID,Employee_ID,Month,Date) VALUES ('EMHR.TA002.01.31','EMHR.TA002', 1 ,  '1986-01-31')

INSERT INTO Attendance(Attend_ID,Employee_ID,Month,Date) VALUES ('EMHR.TA003.01.01','EMHR.TA003', 1 ,  '1986-01-01')
INSERT INTO Attendance(Attend_ID,Employee_ID,Month,Date) VALUES ('EMHR.TA003.01.02','EMHR.TA003', 1 ,  '1986-01-02')
INSERT INTO Attendance(Attend_ID,Employee_ID,Month,Date) VALUES ('EMHR.TA003.01.03','EMHR.TA003', 1 ,  '1986-01-03')
INSERT INTO Attendance(Attend_ID,Employee_ID,Month,Date) VALUES ('EMHR.TA003.01.04','EMHR.TA003', 1 ,  '1986-01-04')
INSERT INTO Attendance(Attend_ID,Employee_ID,Month,Date) VALUES ('EMHR.TA003.01.05','EMHR.TA003', 1 ,  '1986-01-05')
INSERT INTO Attendance(Attend_ID,Employee_ID,Month,Date) VALUES ('EMHR.TA003.01.06','EMHR.TA003', 1 ,  '1986-01-06')
INSERT INTO Attendance(Attend_ID,Employee_ID,Month,Date) VALUES ('EMHR.TA003.01.07','EMHR.TA003', 1 ,  '1986-01-07')
INSERT INTO Attendance(Attend_ID,Employee_ID,Month,Date) VALUES ('EMHR.TA003.01.08','EMHR.TA003', 1 ,  '1986-01-08')
INSERT INTO Attendance(Attend_ID,Employee_ID,Month,Date) VALUES ('EMHR.TA003.01.09','EMHR.TA003', 1 ,  '1986-01-09')
INSERT INTO Attendance(Attend_ID,Employee_ID,Month,Date) VALUES ('EMHR.TA003.01.10','EMHR.TA003', 1 ,  '1986-01-10')
INSERT INTO Attendance(Attend_ID,Employee_ID,Month,Date) VALUES ('EMHR.TA003.01.11','EMHR.TA003', 1 ,  '1986-01-11')
INSERT INTO Attendance(Attend_ID,Employee_ID,Month,Date) VALUES ('EMHR.TA003.01.12','EMHR.TA003', 1 ,  '1986-01-12')
INSERT INTO Attendance(Attend_ID,Employee_ID,Month,Date) VALUES ('EMHR.TA003.01.13','EMHR.TA003', 1 ,  '1986-01-13')
INSERT INTO Attendance(Attend_ID,Employee_ID,Month,Date) VALUES ('EMHR.TA003.01.14','EMHR.TA003', 1 ,  '1986-01-14')
INSERT INTO Attendance(Attend_ID,Employee_ID,Month,Date) VALUES ('EMHR.TA003.01.15','EMHR.TA003', 1 ,  '1986-01-15')
INSERT INTO Attendance(Attend_ID,Employee_ID,Month,Date) VALUES ('EMHR.TA003.01.16','EMHR.TA003', 1 ,  '1986-01-16')
INSERT INTO Attendance(Attend_ID,Employee_ID,Month,Date) VALUES ('EMHR.TA003.01.17','EMHR.TA003', 1 ,  '1986-01-17')
INSERT INTO Attendance(Attend_ID,Employee_ID,Month,Date) VALUES ('EMHR.TA003.01.18','EMHR.TA003', 1 ,  '1986-01-18')
INSERT INTO Attendance(Attend_ID,Employee_ID,Month,Date) VALUES ('EMHR.TA003.01.19','EMHR.TA003', 1 ,  '1986-01-19')
INSERT INTO Attendance(Attend_ID,Employee_ID,Month,Date) VALUES ('EMHR.TA003.01.20','EMHR.TA003', 1 ,  '1986-01-20')
INSERT INTO Attendance(Attend_ID,Employee_ID,Month,Date) VALUES ('EMHR.TA003.01.21','EMHR.TA003', 1 ,  '1986-01-21')
INSERT INTO Attendance(Attend_ID,Employee_ID,Month,Date) VALUES ('EMHR.TA003.01.22','EMHR.TA003', 1 ,  '1986-01-22')
INSERT INTO Attendance(Attend_ID,Employee_ID,Month,Date) VALUES ('EMHR.TA003.01.23','EMHR.TA003', 1 ,  '1986-01-23')
INSERT INTO Attendance(Attend_ID,Employee_ID,Month,Date) VALUES ('EMHR.TA003.01.25','EMHR.TA003', 1 ,  '1986-01-25')
INSERT INTO Attendance(Attend_ID,Employee_ID,Month,Date) VALUES ('EMHR.TA003.01.26','EMHR.TA003', 1 ,  '1986-01-26')
INSERT INTO Attendance(Attend_ID,Employee_ID,Month,Date) VALUES ('EMHR.TA003.01.27','EMHR.TA003', 1 ,  '1986-01-27')
INSERT INTO Attendance(Attend_ID,Employee_ID,Month,Date) VALUES ('EMHR.TA003.01.28','EMHR.TA003', 1 ,  '1986-01-28')
INSERT INTO Attendance(Attend_ID,Employee_ID,Month,Date) VALUES ('EMHR.TA003.01.29','EMHR.TA003', 1 ,  '1986-01-29')
INSERT INTO Attendance(Attend_ID,Employee_ID,Month,Date) VALUES ('EMHR.TA003.01.30','EMHR.TA003', 1 ,  '1986-01-30')
INSERT INTO Attendance(Attend_ID,Employee_ID,Month,Date) VALUES ('EMHR.TA003.01.31','EMHR.TA003', 1 ,  '1986-01-31')

INSERT INTO Attendance(Attend_ID,Employee_ID,Month,Date) VALUES ('EMHR.TA004.01.01','EMHR.TA004', 1 ,  '1986-01-01')
INSERT INTO Attendance(Attend_ID,Employee_ID,Month,Date) VALUES ('EMHR.TA004.01.02','EMHR.TA004', 1 ,  '1986-01-02')
INSERT INTO Attendance(Attend_ID,Employee_ID,Month,Date) VALUES ('EMHR.TA004.01.04','EMHR.TA004', 1 ,  '1986-01-04')
INSERT INTO Attendance(Attend_ID,Employee_ID,Month,Date) VALUES ('EMHR.TA004.01.05','EMHR.TA004', 1 ,  '1986-01-05')
INSERT INTO Attendance(Attend_ID,Employee_ID,Month,Date) VALUES ('EMHR.TA004.01.06','EMHR.TA004', 1 ,  '1986-01-06')
INSERT INTO Attendance(Attend_ID,Employee_ID,Month,Date) VALUES ('EMHR.TA004.01.07','EMHR.TA004', 1 ,  '1986-01-07')
INSERT INTO Attendance(Attend_ID,Employee_ID,Month,Date) VALUES ('EMHR.TA004.01.08','EMHR.TA004', 1 ,  '1986-01-08')
INSERT INTO Attendance(Attend_ID,Employee_ID,Month,Date) VALUES ('EMHR.TA004.01.09','EMHR.TA004', 1 ,  '1986-01-09')
INSERT INTO Attendance(Attend_ID,Employee_ID,Month,Date) VALUES ('EMHR.TA004.01.10','EMHR.TA004', 1 ,  '1986-01-10')
INSERT INTO Attendance(Attend_ID,Employee_ID,Month,Date) VALUES ('EMHR.TA004.01.11','EMHR.TA004', 1 ,  '1986-01-11')
INSERT INTO Attendance(Attend_ID,Employee_ID,Month,Date) VALUES ('EMHR.TA004.01.12','EMHR.TA004', 1 ,  '1986-01-12')
INSERT INTO Attendance(Attend_ID,Employee_ID,Month,Date) VALUES ('EMHR.TA004.01.13','EMHR.TA004', 1 ,  '1986-01-13')
INSERT INTO Attendance(Attend_ID,Employee_ID,Month,Date) VALUES ('EMHR.TA004.01.14','EMHR.TA004', 1 ,  '1986-01-14')
INSERT INTO Attendance(Attend_ID,Employee_ID,Month,Date) VALUES ('EMHR.TA004.01.15','EMHR.TA004', 1 ,  '1986-01-15')
INSERT INTO Attendance(Attend_ID,Employee_ID,Month,Date) VALUES ('EMHR.TA004.01.16','EMHR.TA004', 1 ,  '1986-01-16')
INSERT INTO Attendance(Attend_ID,Employee_ID,Month,Date) VALUES ('EMHR.TA004.01.17','EMHR.TA004', 1 ,  '1986-01-17')
INSERT INTO Attendance(Attend_ID,Employee_ID,Month,Date) VALUES ('EMHR.TA004.01.18','EMHR.TA004', 1 ,  '1986-01-18')
INSERT INTO Attendance(Attend_ID,Employee_ID,Month,Date) VALUES ('EMHR.TA004.01.19','EMHR.TA004', 1 ,  '1986-01-19')
INSERT INTO Attendance(Attend_ID,Employee_ID,Month,Date) VALUES ('EMHR.TA004.01.21','EMHR.TA004', 1 ,  '1986-01-21')
INSERT INTO Attendance(Attend_ID,Employee_ID,Month,Date) VALUES ('EMHR.TA004.01.22','EMHR.TA004', 1 ,  '1986-01-22')
INSERT INTO Attendance(Attend_ID,Employee_ID,Month,Date) VALUES ('EMHR.TA004.01.23','EMHR.TA004', 1 ,  '1986-01-23')
INSERT INTO Attendance(Attend_ID,Employee_ID,Month,Date) VALUES ('EMHR.TA004.01.24','EMHR.TA004', 1 ,  '1986-01-24')
INSERT INTO Attendance(Attend_ID,Employee_ID,Month,Date) VALUES ('EMHR.TA004.01.25','EMHR.TA004', 1 ,  '1986-01-25')
INSERT INTO Attendance(Attend_ID,Employee_ID,Month,Date) VALUES ('EMHR.TA004.01.26','EMHR.TA004', 1 ,  '1986-01-26')
INSERT INTO Attendance(Attend_ID,Employee_ID,Month,Date) VALUES ('EMHR.TA004.01.27','EMHR.TA004', 1 ,  '1986-01-27')
INSERT INTO Attendance(Attend_ID,Employee_ID,Month,Date) VALUES ('EMHR.TA004.01.28','EMHR.TA004', 1 ,  '1986-01-28')
INSERT INTO Attendance(Attend_ID,Employee_ID,Month,Date) VALUES ('EMHR.TA004.01.29','EMHR.TA004', 1 ,  '1986-01-29')
INSERT INTO Attendance(Attend_ID,Employee_ID,Month,Date) VALUES ('EMHR.TA004.01.30','EMHR.TA004', 1 ,  '1986-01-30')
INSERT INTO Attendance(Attend_ID,Employee_ID,Month,Date) VALUES ('EMHR.TA004.01.31','EMHR.TA004', 1 ,  '1986-01-31')

INSERT INTO Attendance(Attend_ID,Employee_ID,Month,Date) VALUES ('EMHR.TA005.01.01','EMHR.TA005', 1 ,  '1986-01-01')
INSERT INTO Attendance(Attend_ID,Employee_ID,Month,Date) VALUES ('EMHR.TA005.01.02','EMHR.TA005', 1 ,  '1986-01-02')
INSERT INTO Attendance(Attend_ID,Employee_ID,Month,Date) VALUES ('EMHR.TA005.01.03','EMHR.TA005', 1 ,  '1986-01-03')
INSERT INTO Attendance(Attend_ID,Employee_ID,Month,Date) VALUES ('EMHR.TA005.01.04','EMHR.TA005', 1 ,  '1986-01-04')
INSERT INTO Attendance(Attend_ID,Employee_ID,Month,Date) VALUES ('EMHR.TA005.01.05','EMHR.TA005', 1 ,  '1986-01-05')
INSERT INTO Attendance(Attend_ID,Employee_ID,Month,Date) VALUES ('EMHR.TA005.01.06','EMHR.TA005', 1 ,  '1986-01-06')
INSERT INTO Attendance(Attend_ID,Employee_ID,Month,Date) VALUES ('EMHR.TA005.01.07','EMHR.TA005', 1 ,  '1986-01-07')
INSERT INTO Attendance(Attend_ID,Employee_ID,Month,Date) VALUES ('EMHR.TA005.01.08','EMHR.TA005', 1 ,  '1986-01-08')
INSERT INTO Attendance(Attend_ID,Employee_ID,Month,Date) VALUES ('EMHR.TA005.01.09','EMHR.TA005', 1 ,  '1986-01-09')
INSERT INTO Attendance(Attend_ID,Employee_ID,Month,Date) VALUES ('EMHR.TA005.01.10','EMHR.TA005', 1 ,  '1986-01-10')
INSERT INTO Attendance(Attend_ID,Employee_ID,Month,Date) VALUES ('EMHR.TA005.01.11','EMHR.TA005', 1 ,  '1986-01-11')
INSERT INTO Attendance(Attend_ID,Employee_ID,Month,Date) VALUES ('EMHR.TA005.01.12','EMHR.TA005', 1 ,  '1986-01-12')
INSERT INTO Attendance(Attend_ID,Employee_ID,Month,Date) VALUES ('EMHR.TA005.01.13','EMHR.TA005', 1 ,  '1986-01-13')
INSERT INTO Attendance(Attend_ID,Employee_ID,Month,Date) VALUES ('EMHR.TA005.01.14','EMHR.TA005', 1 ,  '1986-01-14')
INSERT INTO Attendance(Attend_ID,Employee_ID,Month,Date) VALUES ('EMHR.TA005.01.15','EMHR.TA005', 1 ,  '1986-01-15')
INSERT INTO Attendance(Attend_ID,Employee_ID,Month,Date) VALUES ('EMHR.TA005.01.16','EMHR.TA005', 1 ,  '1986-01-16')
INSERT INTO Attendance(Attend_ID,Employee_ID,Month,Date) VALUES ('EMHR.TA005.01.17','EMHR.TA005', 1 ,  '1986-01-17')
INSERT INTO Attendance(Attend_ID,Employee_ID,Month,Date) VALUES ('EMHR.TA005.01.18','EMHR.TA005', 1 ,  '1986-01-18')
INSERT INTO Attendance(Attend_ID,Employee_ID,Month,Date) VALUES ('EMHR.TA005.01.19','EMHR.TA005', 1 ,  '1986-01-19')
INSERT INTO Attendance(Attend_ID,Employee_ID,Month,Date) VALUES ('EMHR.TA005.01.20','EMHR.TA005', 1 ,  '1986-01-20')
INSERT INTO Attendance(Attend_ID,Employee_ID,Month,Date) VALUES ('EMHR.TA005.01.21','EMHR.TA005', 1 ,  '1986-01-21')
INSERT INTO Attendance(Attend_ID,Employee_ID,Month,Date) VALUES ('EMHR.TA005.01.22','EMHR.TA005', 1 ,  '1986-01-22')
INSERT INTO Attendance(Attend_ID,Employee_ID,Month,Date) VALUES ('EMHR.TA005.01.23','EMHR.TA005', 1 ,  '1986-01-23')
INSERT INTO Attendance(Attend_ID,Employee_ID,Month,Date) VALUES ('EMHR.TA005.01.24','EMHR.TA005', 1 ,  '1986-01-24')
INSERT INTO Attendance(Attend_ID,Employee_ID,Month,Date) VALUES ('EMHR.TA005.01.25','EMHR.TA005', 1 ,  '1986-01-25')
INSERT INTO Attendance(Attend_ID,Employee_ID,Month,Date) VALUES ('EMHR.TA005.01.26','EMHR.TA005', 1 ,  '1986-01-26')
INSERT INTO Attendance(Attend_ID,Employee_ID,Month,Date) VALUES ('EMHR.TA005.01.27','EMHR.TA005', 1 ,  '1986-01-27')
INSERT INTO Attendance(Attend_ID,Employee_ID,Month,Date) VALUES ('EMHR.TA005.01.28','EMHR.TA005', 1 ,  '1986-01-28')
INSERT INTO Attendance(Attend_ID,Employee_ID,Month,Date) VALUES ('EMHR.TA005.01.29','EMHR.TA005', 1 ,  '1986-01-29')
INSERT INTO Attendance(Attend_ID,Employee_ID,Month,Date) VALUES ('EMHR.TA005.01.30','EMHR.TA005', 1 ,  '1986-01-30')
INSERT INTO Attendance(Attend_ID,Employee_ID,Month,Date) VALUES ('EMHR.TA005.01.31','EMHR.TA005', 1 ,  '1986-01-31')

INSERT INTO Attendance(Attend_ID,Employee_ID,Month,Date) VALUES ('EMHR.TA006.01.01','EMHR.TA006', 1 ,  '1986-01-01')
INSERT INTO Attendance(Attend_ID,Employee_ID,Month,Date) VALUES ('EMHR.TA006.01.02','EMHR.TA006', 1 ,  '1986-01-02')
INSERT INTO Attendance(Attend_ID,Employee_ID,Month,Date) VALUES ('EMHR.TA006.01.03','EMHR.TA006', 1 ,  '1986-01-03')
INSERT INTO Attendance(Attend_ID,Employee_ID,Month,Date) VALUES ('EMHR.TA006.01.04','EMHR.TA006', 1 ,  '1986-01-04')
INSERT INTO Attendance(Attend_ID,Employee_ID,Month,Date) VALUES ('EMHR.TA006.01.05','EMHR.TA006', 1 ,  '1986-01-05')
INSERT INTO Attendance(Attend_ID,Employee_ID,Month,Date) VALUES ('EMHR.TA006.01.06','EMHR.TA006', 1 ,  '1986-01-06')
INSERT INTO Attendance(Attend_ID,Employee_ID,Month,Date) VALUES ('EMHR.TA006.01.07','EMHR.TA006', 1 ,  '1986-01-07')
INSERT INTO Attendance(Attend_ID,Employee_ID,Month,Date) VALUES ('EMHR.TA006.01.08','EMHR.TA006', 1 ,  '1986-01-08')
INSERT INTO Attendance(Attend_ID,Employee_ID,Month,Date) VALUES ('EMHR.TA006.01.09','EMHR.TA006', 1 ,  '1986-01-09')
INSERT INTO Attendance(Attend_ID,Employee_ID,Month,Date) VALUES ('EMHR.TA006.01.10','EMHR.TA006', 1 ,  '1986-01-10')
INSERT INTO Attendance(Attend_ID,Employee_ID,Month,Date) VALUES ('EMHR.TA006.01.11','EMHR.TA006', 1 ,  '1986-01-11')
INSERT INTO Attendance(Attend_ID,Employee_ID,Month,Date) VALUES ('EMHR.TA006.01.12','EMHR.TA006', 1 ,  '1986-01-12')
INSERT INTO Attendance(Attend_ID,Employee_ID,Month,Date) VALUES ('EMHR.TA006.01.13','EMHR.TA006', 1 ,  '1986-01-13')
INSERT INTO Attendance(Attend_ID,Employee_ID,Month,Date) VALUES ('EMHR.TA006.01.14','EMHR.TA006', 1 ,  '1986-01-14')
INSERT INTO Attendance(Attend_ID,Employee_ID,Month,Date) VALUES ('EMHR.TA006.01.15','EMHR.TA006', 1 ,  '1986-01-15')
INSERT INTO Attendance(Attend_ID,Employee_ID,Month,Date) VALUES ('EMHR.TA006.01.17','EMHR.TA006', 1 ,  '1986-01-17')
INSERT INTO Attendance(Attend_ID,Employee_ID,Month,Date) VALUES ('EMHR.TA006.01.18','EMHR.TA006', 1 ,  '1986-01-18')
INSERT INTO Attendance(Attend_ID,Employee_ID,Month,Date) VALUES ('EMHR.TA006.01.19','EMHR.TA006', 1 ,  '1986-01-19')
INSERT INTO Attendance(Attend_ID,Employee_ID,Month,Date) VALUES ('EMHR.TA006.01.20','EMHR.TA006', 1 ,  '1986-01-20')
INSERT INTO Attendance(Attend_ID,Employee_ID,Month,Date) VALUES ('EMHR.TA006.01.21','EMHR.TA006', 1 ,  '1986-01-21')
INSERT INTO Attendance(Attend_ID,Employee_ID,Month,Date) VALUES ('EMHR.TA006.01.22','EMHR.TA006', 1 ,  '1986-01-22')
INSERT INTO Attendance(Attend_ID,Employee_ID,Month,Date) VALUES ('EMHR.TA006.01.23','EMHR.TA006', 1 ,  '1986-01-23')
INSERT INTO Attendance(Attend_ID,Employee_ID,Month,Date) VALUES ('EMHR.TA006.01.24','EMHR.TA006', 1 ,  '1986-01-24')
INSERT INTO Attendance(Attend_ID,Employee_ID,Month,Date) VALUES ('EMHR.TA006.01.25','EMHR.TA006', 1 ,  '1986-01-25')
INSERT INTO Attendance(Attend_ID,Employee_ID,Month,Date) VALUES ('EMHR.TA006.01.26','EMHR.TA006', 1 ,  '1986-01-26')
INSERT INTO Attendance(Attend_ID,Employee_ID,Month,Date) VALUES ('EMHR.TA006.01.27','EMHR.TA006', 1 ,  '1986-01-27')
INSERT INTO Attendance(Attend_ID,Employee_ID,Month,Date) VALUES ('EMHR.TA006.01.28','EMHR.TA006', 1 ,  '1986-01-28')
INSERT INTO Attendance(Attend_ID,Employee_ID,Month,Date) VALUES ('EMHR.TA006.01.29','EMHR.TA006', 1 ,  '1986-01-29')
INSERT INTO Attendance(Attend_ID,Employee_ID,Month,Date) VALUES ('EMHR.TA006.01.30','EMHR.TA006', 1 ,  '1986-01-30')
INSERT INTO Attendance(Attend_ID,Employee_ID,Month,Date) VALUES ('EMHR.TA006.01.31','EMHR.TA006', 1 ,  '1986-01-31')

INSERT INTO Attendance(Attend_ID,Employee_ID,Month,Date) VALUES ('EMHR.TA007.01.01','EMHR.TA007', 1 ,  '1986-01-01')
INSERT INTO Attendance(Attend_ID,Employee_ID,Month,Date) VALUES ('EMHR.TA007.01.02','EMHR.TA007', 1 ,  '1986-01-02')
INSERT INTO Attendance(Attend_ID,Employee_ID,Month,Date) VALUES ('EMHR.TA007.01.03','EMHR.TA007', 1 ,  '1986-01-03')
INSERT INTO Attendance(Attend_ID,Employee_ID,Month,Date) VALUES ('EMHR.TA007.01.04','EMHR.TA007', 1 ,  '1986-01-04')
INSERT INTO Attendance(Attend_ID,Employee_ID,Month,Date) VALUES ('EMHR.TA007.01.05','EMHR.TA007', 1 ,  '1986-01-05')
INSERT INTO Attendance(Attend_ID,Employee_ID,Month,Date) VALUES ('EMHR.TA007.01.06','EMHR.TA007', 1 ,  '1986-01-06')
INSERT INTO Attendance(Attend_ID,Employee_ID,Month,Date) VALUES ('EMHR.TA007.01.07','EMHR.TA007', 1 ,  '1986-01-07')
INSERT INTO Attendance(Attend_ID,Employee_ID,Month,Date) VALUES ('EMHR.TA007.01.08','EMHR.TA007', 1 ,  '1986-01-08')
INSERT INTO Attendance(Attend_ID,Employee_ID,Month,Date) VALUES ('EMHR.TA007.01.09','EMHR.TA007', 1 ,  '1986-01-09')
INSERT INTO Attendance(Attend_ID,Employee_ID,Month,Date) VALUES ('EMHR.TA007.01.10','EMHR.TA007', 1 ,  '1986-01-10')
INSERT INTO Attendance(Attend_ID,Employee_ID,Month,Date) VALUES ('EMHR.TA007.01.11','EMHR.TA007', 1 ,  '1986-01-11')
INSERT INTO Attendance(Attend_ID,Employee_ID,Month,Date) VALUES ('EMHR.TA007.01.12','EMHR.TA007', 1 ,  '1986-01-12')
INSERT INTO Attendance(Attend_ID,Employee_ID,Month,Date) VALUES ('EMHR.TA007.01.13','EMHR.TA007', 1 ,  '1986-01-13')
INSERT INTO Attendance(Attend_ID,Employee_ID,Month,Date) VALUES ('EMHR.TA007.01.14','EMHR.TA007', 1 ,  '1986-01-14')
INSERT INTO Attendance(Attend_ID,Employee_ID,Month,Date) VALUES ('EMHR.TA007.01.15','EMHR.TA007', 1 ,  '1986-01-15')
INSERT INTO Attendance(Attend_ID,Employee_ID,Month,Date) VALUES ('EMHR.TA007.01.16','EMHR.TA007', 1 ,  '1986-01-16')
INSERT INTO Attendance(Attend_ID,Employee_ID,Month,Date) VALUES ('EMHR.TA007.01.17','EMHR.TA007', 1 ,  '1986-01-17')
INSERT INTO Attendance(Attend_ID,Employee_ID,Month,Date) VALUES ('EMHR.TA007.01.18','EMHR.TA007', 1 ,  '1986-01-18')
INSERT INTO Attendance(Attend_ID,Employee_ID,Month,Date) VALUES ('EMHR.TA007.01.19','EMHR.TA007', 1 ,  '1986-01-19')
INSERT INTO Attendance(Attend_ID,Employee_ID,Month,Date) VALUES ('EMHR.TA007.01.20','EMHR.TA007', 1 ,  '1986-01-20')
INSERT INTO Attendance(Attend_ID,Employee_ID,Month,Date) VALUES ('EMHR.TA007.01.21','EMHR.TA007', 1 ,  '1986-01-21')
INSERT INTO Attendance(Attend_ID,Employee_ID,Month,Date) VALUES ('EMHR.TA007.01.22','EMHR.TA007', 1 ,  '1986-01-22')
INSERT INTO Attendance(Attend_ID,Employee_ID,Month,Date) VALUES ('EMHR.TA007.01.23','EMHR.TA007', 1 ,  '1986-01-23')
INSERT INTO Attendance(Attend_ID,Employee_ID,Month,Date) VALUES ('EMHR.TA007.01.24','EMHR.TA007', 1 ,  '1986-01-24')
INSERT INTO Attendance(Attend_ID,Employee_ID,Month,Date) VALUES ('EMHR.TA007.01.25','EMHR.TA007', 1 ,  '1986-01-25')
INSERT INTO Attendance(Attend_ID,Employee_ID,Month,Date) VALUES ('EMHR.TA007.01.26','EMHR.TA007', 1 ,  '1986-01-26')
INSERT INTO Attendance(Attend_ID,Employee_ID,Month,Date) VALUES ('EMHR.TA007.01.27','EMHR.TA007', 1 ,  '1986-01-27')
INSERT INTO Attendance(Attend_ID,Employee_ID,Month,Date) VALUES ('EMHR.TA007.01.28','EMHR.TA007', 1 ,  '1986-01-28')
INSERT INTO Attendance(Attend_ID,Employee_ID,Month,Date) VALUES ('EMHR.TA007.01.29','EMHR.TA007', 1 ,  '1986-01-29')
INSERT INTO Attendance(Attend_ID,Employee_ID,Month,Date) VALUES ('EMHR.TA007.01.30','EMHR.TA007', 1 ,  '1986-01-30')
INSERT INTO Attendance(Attend_ID,Employee_ID,Month,Date) VALUES ('EMHR.TA007.01.31','EMHR.TA007', 1 ,  '1986-01-31')

INSERT INTO Attendance(Attend_ID,Employee_ID,Month,Date) VALUES ('EMRD.TA001.01.01','EMRD.TA001', 1 ,  '1986-01-01')
INSERT INTO Attendance(Attend_ID,Employee_ID,Month,Date) VALUES ('EMRD.TA001.01.02','EMRD.TA001', 1 ,  '1986-01-02')
INSERT INTO Attendance(Attend_ID,Employee_ID,Month,Date) VALUES ('EMRD.TA001.01.03','EMRD.TA001', 1 ,  '1986-01-03')
INSERT INTO Attendance(Attend_ID,Employee_ID,Month,Date) VALUES ('EMRD.TA001.01.04','EMRD.TA001', 1 ,  '1986-01-04')
INSERT INTO Attendance(Attend_ID,Employee_ID,Month,Date) VALUES ('EMRD.TA001.01.05','EMRD.TA001', 1 ,  '1986-01-05')
INSERT INTO Attendance(Attend_ID,Employee_ID,Month,Date) VALUES ('EMRD.TA001.01.07','EMRD.TA001', 1 ,  '1986-01-07')
INSERT INTO Attendance(Attend_ID,Employee_ID,Month,Date) VALUES ('EMRD.TA001.01.08','EMRD.TA001', 1 ,  '1986-01-08')
INSERT INTO Attendance(Attend_ID,Employee_ID,Month,Date) VALUES ('EMRD.TA001.01.09','EMRD.TA001', 1 ,  '1986-01-09')
INSERT INTO Attendance(Attend_ID,Employee_ID,Month,Date) VALUES ('EMRD.TA001.01.10','EMRD.TA001', 1 ,  '1986-01-10')
INSERT INTO Attendance(Attend_ID,Employee_ID,Month,Date) VALUES ('EMRD.TA001.01.11','EMRD.TA001', 1 ,  '1986-01-11')
INSERT INTO Attendance(Attend_ID,Employee_ID,Month,Date) VALUES ('EMRD.TA001.01.12','EMRD.TA001', 1 ,  '1986-01-12')
INSERT INTO Attendance(Attend_ID,Employee_ID,Month,Date) VALUES ('EMRD.TA001.01.13','EMRD.TA001', 1 ,  '1986-01-13')
INSERT INTO Attendance(Attend_ID,Employee_ID,Month,Date) VALUES ('EMRD.TA001.01.14','EMRD.TA001', 1 ,  '1986-01-14')
INSERT INTO Attendance(Attend_ID,Employee_ID,Month,Date) VALUES ('EMRD.TA001.01.15','EMRD.TA001', 1 ,  '1986-01-15')
INSERT INTO Attendance(Attend_ID,Employee_ID,Month,Date) VALUES ('EMRD.TA001.01.16','EMRD.TA001', 1 ,  '1986-01-16')
INSERT INTO Attendance(Attend_ID,Employee_ID,Month,Date) VALUES ('EMRD.TA001.01.17','EMRD.TA001', 1 ,  '1986-01-17')
INSERT INTO Attendance(Attend_ID,Employee_ID,Month,Date) VALUES ('EMRD.TA001.01.18','EMRD.TA001', 1 ,  '1986-01-18')
INSERT INTO Attendance(Attend_ID,Employee_ID,Month,Date) VALUES ('EMRD.TA001.01.19','EMRD.TA001', 1 ,  '1986-01-19')
INSERT INTO Attendance(Attend_ID,Employee_ID,Month,Date) VALUES ('EMRD.TA001.01.20','EMRD.TA001', 1 ,  '1986-01-20')
INSERT INTO Attendance(Attend_ID,Employee_ID,Month,Date) VALUES ('EMRD.TA001.01.21','EMRD.TA001', 1 ,  '1986-01-21')
INSERT INTO Attendance(Attend_ID,Employee_ID,Month,Date) VALUES ('EMRD.TA001.01.22','EMRD.TA001', 1 ,  '1986-01-22')
INSERT INTO Attendance(Attend_ID,Employee_ID,Month,Date) VALUES ('EMRD.TA001.01.23','EMRD.TA001', 1 ,  '1986-01-23')
INSERT INTO Attendance(Attend_ID,Employee_ID,Month,Date) VALUES ('EMRD.TA001.01.24','EMRD.TA001', 1 ,  '1986-01-24')
INSERT INTO Attendance(Attend_ID,Employee_ID,Month,Date) VALUES ('EMRD.TA001.01.25','EMRD.TA001', 1 ,  '1986-01-25')
INSERT INTO Attendance(Attend_ID,Employee_ID,Month,Date) VALUES ('EMRD.TA001.01.26','EMRD.TA001', 1 ,  '1986-01-26')
INSERT INTO Attendance(Attend_ID,Employee_ID,Month,Date) VALUES ('EMRD.TA001.01.27','EMRD.TA001', 1 ,  '1986-01-27')
INSERT INTO Attendance(Attend_ID,Employee_ID,Month,Date) VALUES ('EMRD.TA001.01.29','EMRD.TA001', 1 ,  '1986-01-29')
INSERT INTO Attendance(Attend_ID,Employee_ID,Month,Date) VALUES ('EMRD.TA001.01.30','EMRD.TA001', 1 ,  '1986-01-30')
INSERT INTO Attendance(Attend_ID,Employee_ID,Month,Date) VALUES ('EMRD.TA001.01.31','EMRD.TA001', 1 ,  '1986-01-31')

INSERT INTO Attendance(Attend_ID,Employee_ID,Month,Date) VALUES ('EMRD.TA002.01.01','EMRD.TA002', 1 ,  '1986-01-01')
INSERT INTO Attendance(Attend_ID,Employee_ID,Month,Date) VALUES ('EMRD.TA002.01.02','EMRD.TA002', 1 ,  '1986-01-02')
INSERT INTO Attendance(Attend_ID,Employee_ID,Month,Date) VALUES ('EMRD.TA002.01.03','EMRD.TA002', 1 ,  '1986-01-03')
INSERT INTO Attendance(Attend_ID,Employee_ID,Month,Date) VALUES ('EMRD.TA002.01.04','EMRD.TA002', 1 ,  '1986-01-04')
INSERT INTO Attendance(Attend_ID,Employee_ID,Month,Date) VALUES ('EMRD.TA002.01.05','EMRD.TA002', 1 ,  '1986-01-05')
INSERT INTO Attendance(Attend_ID,Employee_ID,Month,Date) VALUES ('EMRD.TA002.01.06','EMRD.TA002', 1 ,  '1986-01-06')
INSERT INTO Attendance(Attend_ID,Employee_ID,Month,Date) VALUES ('EMRD.TA002.01.07','EMRD.TA002', 1 ,  '1986-01-07')
INSERT INTO Attendance(Attend_ID,Employee_ID,Month,Date) VALUES ('EMRD.TA002.01.08','EMRD.TA002', 1 ,  '1986-01-08')
INSERT INTO Attendance(Attend_ID,Employee_ID,Month,Date) VALUES ('EMRD.TA002.01.09','EMRD.TA002', 1 ,  '1986-01-09')
INSERT INTO Attendance(Attend_ID,Employee_ID,Month,Date) VALUES ('EMRD.TA002.01.10','EMRD.TA002', 1 ,  '1986-01-10')
INSERT INTO Attendance(Attend_ID,Employee_ID,Month,Date) VALUES ('EMRD.TA002.01.11','EMRD.TA002', 1 ,  '1986-01-11')
INSERT INTO Attendance(Attend_ID,Employee_ID,Month,Date) VALUES ('EMRD.TA002.01.12','EMRD.TA002', 1 ,  '1986-01-12')
INSERT INTO Attendance(Attend_ID,Employee_ID,Month,Date) VALUES ('EMRD.TA002.01.13','EMRD.TA002', 1 ,  '1986-01-13')
INSERT INTO Attendance(Attend_ID,Employee_ID,Month,Date) VALUES ('EMRD.TA002.01.14','EMRD.TA002', 1 ,  '1986-01-14')
INSERT INTO Attendance(Attend_ID,Employee_ID,Month,Date) VALUES ('EMRD.TA002.01.15','EMRD.TA002', 1 ,  '1986-01-15')
INSERT INTO Attendance(Attend_ID,Employee_ID,Month,Date) VALUES ('EMRD.TA002.01.16','EMRD.TA002', 1 ,  '1986-01-16')
INSERT INTO Attendance(Attend_ID,Employee_ID,Month,Date) VALUES ('EMRD.TA002.01.17','EMRD.TA002', 1 ,  '1986-01-17')
INSERT INTO Attendance(Attend_ID,Employee_ID,Month,Date) VALUES ('EMRD.TA002.01.18','EMRD.TA002', 1 ,  '1986-01-18')
INSERT INTO Attendance(Attend_ID,Employee_ID,Month,Date) VALUES ('EMRD.TA002.01.19','EMRD.TA002', 1 ,  '1986-01-19')
INSERT INTO Attendance(Attend_ID,Employee_ID,Month,Date) VALUES ('EMRD.TA002.01.20','EMRD.TA002', 1 ,  '1986-01-20')
INSERT INTO Attendance(Attend_ID,Employee_ID,Month,Date) VALUES ('EMRD.TA002.01.21','EMRD.TA002', 1 ,  '1986-01-21')
INSERT INTO Attendance(Attend_ID,Employee_ID,Month,Date) VALUES ('EMRD.TA002.01.22','EMRD.TA002', 1 ,  '1986-01-22')
INSERT INTO Attendance(Attend_ID,Employee_ID,Month,Date) VALUES ('EMRD.TA002.01.23','EMRD.TA002', 1 ,  '1986-01-23')
INSERT INTO Attendance(Attend_ID,Employee_ID,Month,Date) VALUES ('EMRD.TA002.01.24','EMRD.TA002', 1 ,  '1986-01-24')
INSERT INTO Attendance(Attend_ID,Employee_ID,Month,Date) VALUES ('EMRD.TA002.01.25','EMRD.TA002', 1 ,  '1986-01-25')
INSERT INTO Attendance(Attend_ID,Employee_ID,Month,Date) VALUES ('EMRD.TA002.01.26','EMRD.TA002', 1 ,  '1986-01-26')
INSERT INTO Attendance(Attend_ID,Employee_ID,Month,Date) VALUES ('EMRD.TA002.01.27','EMRD.TA002', 1 ,  '1986-01-27')
INSERT INTO Attendance(Attend_ID,Employee_ID,Month,Date) VALUES ('EMRD.TA002.01.28','EMRD.TA002', 1 ,  '1986-01-28')
INSERT INTO Attendance(Attend_ID,Employee_ID,Month,Date) VALUES ('EMRD.TA002.01.29','EMRD.TA002', 1 ,  '1986-01-29')
INSERT INTO Attendance(Attend_ID,Employee_ID,Month,Date) VALUES ('EMRD.TA002.01.30','EMRD.TA002', 1 ,  '1986-01-30')
INSERT INTO Attendance(Attend_ID,Employee_ID,Month,Date) VALUES ('EMRD.TA002.01.31','EMRD.TA002', 1 ,  '1986-01-31')

INSERT INTO Attendance(Attend_ID,Employee_ID,Month,Date) VALUES ('EMRD.TA003.01.01','EMRD.TA003', 1 ,  '1986-01-01')
INSERT INTO Attendance(Attend_ID,Employee_ID,Month,Date) VALUES ('EMRD.TA003.01.02','EMRD.TA003', 1 ,  '1986-01-02')
INSERT INTO Attendance(Attend_ID,Employee_ID,Month,Date) VALUES ('EMRD.TA003.01.03','EMRD.TA003', 1 ,  '1986-01-03')
INSERT INTO Attendance(Attend_ID,Employee_ID,Month,Date) VALUES ('EMRD.TA003.01.04','EMRD.TA003', 1 ,  '1986-01-04')
INSERT INTO Attendance(Attend_ID,Employee_ID,Month,Date) VALUES ('EMRD.TA003.01.05','EMRD.TA003', 1 ,  '1986-01-05')
INSERT INTO Attendance(Attend_ID,Employee_ID,Month,Date) VALUES ('EMRD.TA003.01.06','EMRD.TA003', 1 ,  '1986-01-06')
INSERT INTO Attendance(Attend_ID,Employee_ID,Month,Date) VALUES ('EMRD.TA003.01.07','EMRD.TA003', 1 ,  '1986-01-07')
INSERT INTO Attendance(Attend_ID,Employee_ID,Month,Date) VALUES ('EMRD.TA003.01.08','EMRD.TA003', 1 ,  '1986-01-08')
INSERT INTO Attendance(Attend_ID,Employee_ID,Month,Date) VALUES ('EMRD.TA003.01.09','EMRD.TA003', 1 ,  '1986-01-09')
INSERT INTO Attendance(Attend_ID,Employee_ID,Month,Date) VALUES ('EMRD.TA003.01.10','EMRD.TA003', 1 ,  '1986-01-10')
INSERT INTO Attendance(Attend_ID,Employee_ID,Month,Date) VALUES ('EMRD.TA003.01.11','EMRD.TA003', 1 ,  '1986-01-11')
INSERT INTO Attendance(Attend_ID,Employee_ID,Month,Date) VALUES ('EMRD.TA003.01.12','EMRD.TA003', 1 ,  '1986-01-12')
INSERT INTO Attendance(Attend_ID,Employee_ID,Month,Date) VALUES ('EMRD.TA003.01.13','EMRD.TA003', 1 ,  '1986-01-13')
INSERT INTO Attendance(Attend_ID,Employee_ID,Month,Date) VALUES ('EMRD.TA003.01.14','EMRD.TA003', 1 ,  '1986-01-14')
INSERT INTO Attendance(Attend_ID,Employee_ID,Month,Date) VALUES ('EMRD.TA003.01.15','EMRD.TA003', 1 ,  '1986-01-15')
INSERT INTO Attendance(Attend_ID,Employee_ID,Month,Date) VALUES ('EMRD.TA003.01.16','EMRD.TA003', 1 ,  '1986-01-16')
INSERT INTO Attendance(Attend_ID,Employee_ID,Month,Date) VALUES ('EMRD.TA003.01.17','EMRD.TA003', 1 ,  '1986-01-17')
INSERT INTO Attendance(Attend_ID,Employee_ID,Month,Date) VALUES ('EMRD.TA003.01.18','EMRD.TA003', 1 ,  '1986-01-18')
INSERT INTO Attendance(Attend_ID,Employee_ID,Month,Date) VALUES ('EMRD.TA003.01.19','EMRD.TA003', 1 ,  '1986-01-19')
INSERT INTO Attendance(Attend_ID,Employee_ID,Month,Date) VALUES ('EMRD.TA003.01.20','EMRD.TA003', 1 ,  '1986-01-20')
INSERT INTO Attendance(Attend_ID,Employee_ID,Month,Date) VALUES ('EMRD.TA003.01.21','EMRD.TA003', 1 ,  '1986-01-21')
INSERT INTO Attendance(Attend_ID,Employee_ID,Month,Date) VALUES ('EMRD.TA003.01.22','EMRD.TA003', 1 ,  '1986-01-22')
INSERT INTO Attendance(Attend_ID,Employee_ID,Month,Date) VALUES ('EMRD.TA003.01.23','EMRD.TA003', 1 ,  '1986-01-23')
INSERT INTO Attendance(Attend_ID,Employee_ID,Month,Date) VALUES ('EMRD.TA003.01.24','EMRD.TA003', 1 ,  '1986-01-24')
INSERT INTO Attendance(Attend_ID,Employee_ID,Month,Date) VALUES ('EMRD.TA003.01.25','EMRD.TA003', 1 ,  '1986-01-25')
INSERT INTO Attendance(Attend_ID,Employee_ID,Month,Date) VALUES ('EMRD.TA003.01.26','EMRD.TA003', 1 ,  '1986-01-26')
INSERT INTO Attendance(Attend_ID,Employee_ID,Month,Date) VALUES ('EMRD.TA003.01.27','EMRD.TA003', 1 ,  '1986-01-27')
INSERT INTO Attendance(Attend_ID,Employee_ID,Month,Date) VALUES ('EMRD.TA003.01.28','EMRD.TA003', 1 ,  '1986-01-28')
INSERT INTO Attendance(Attend_ID,Employee_ID,Month,Date) VALUES ('EMRD.TA003.01.29','EMRD.TA003', 1 ,  '1986-01-29')
INSERT INTO Attendance(Attend_ID,Employee_ID,Month,Date) VALUES ('EMRD.TA003.01.30','EMRD.TA003', 1 ,  '1986-01-30')
INSERT INTO Attendance(Attend_ID,Employee_ID,Month,Date) VALUES ('EMRD.TA003.01.31','EMRD.TA003', 1 ,  '1986-01-31')

INSERT INTO Attendance(Attend_ID,Employee_ID,Month,Date) VALUES ('EMRD.TA004.01.01','EMRD.TA004', 1 ,  '1986-01-01')
INSERT INTO Attendance(Attend_ID,Employee_ID,Month,Date) VALUES ('EMRD.TA004.01.02','EMRD.TA004', 1 ,  '1986-01-02')
INSERT INTO Attendance(Attend_ID,Employee_ID,Month,Date) VALUES ('EMRD.TA004.01.03','EMRD.TA004', 1 ,  '1986-01-03')
INSERT INTO Attendance(Attend_ID,Employee_ID,Month,Date) VALUES ('EMRD.TA004.01.04','EMRD.TA004', 1 ,  '1986-01-04')
INSERT INTO Attendance(Attend_ID,Employee_ID,Month,Date) VALUES ('EMRD.TA004.01.05','EMRD.TA004', 1 ,  '1986-01-05')
INSERT INTO Attendance(Attend_ID,Employee_ID,Month,Date) VALUES ('EMRD.TA004.01.06','EMRD.TA004', 1 ,  '1986-01-06')
INSERT INTO Attendance(Attend_ID,Employee_ID,Month,Date) VALUES ('EMRD.TA004.01.07','EMRD.TA004', 1 ,  '1986-01-07')
INSERT INTO Attendance(Attend_ID,Employee_ID,Month,Date) VALUES ('EMRD.TA004.01.08','EMRD.TA004', 1 ,  '1986-01-08')
INSERT INTO Attendance(Attend_ID,Employee_ID,Month,Date) VALUES ('EMRD.TA004.01.09','EMRD.TA004', 1 ,  '1986-01-09')
INSERT INTO Attendance(Attend_ID,Employee_ID,Month,Date) VALUES ('EMRD.TA004.01.10','EMRD.TA004', 1 ,  '1986-01-10')
INSERT INTO Attendance(Attend_ID,Employee_ID,Month,Date) VALUES ('EMRD.TA004.01.11','EMRD.TA004', 1 ,  '1986-01-11')
INSERT INTO Attendance(Attend_ID,Employee_ID,Month,Date) VALUES ('EMRD.TA004.01.12','EMRD.TA004', 1 ,  '1986-01-12')
INSERT INTO Attendance(Attend_ID,Employee_ID,Month,Date) VALUES ('EMRD.TA004.01.13','EMRD.TA004', 1 ,  '1986-01-13')
INSERT INTO Attendance(Attend_ID,Employee_ID,Month,Date) VALUES ('EMRD.TA004.01.14','EMRD.TA004', 1 ,  '1986-01-14')
INSERT INTO Attendance(Attend_ID,Employee_ID,Month,Date) VALUES ('EMRD.TA004.01.15','EMRD.TA004', 1 ,  '1986-01-15')
INSERT INTO Attendance(Attend_ID,Employee_ID,Month,Date) VALUES ('EMRD.TA004.01.16','EMRD.TA004', 1 ,  '1986-01-16')
INSERT INTO Attendance(Attend_ID,Employee_ID,Month,Date) VALUES ('EMRD.TA004.01.17','EMRD.TA004', 1 ,  '1986-01-17')
INSERT INTO Attendance(Attend_ID,Employee_ID,Month,Date) VALUES ('EMRD.TA004.01.18','EMRD.TA004', 1 ,  '1986-01-18')
INSERT INTO Attendance(Attend_ID,Employee_ID,Month,Date) VALUES ('EMRD.TA004.01.19','EMRD.TA004', 1 ,  '1986-01-19')
INSERT INTO Attendance(Attend_ID,Employee_ID,Month,Date) VALUES ('EMRD.TA004.01.20','EMRD.TA004', 1 ,  '1986-01-20')
INSERT INTO Attendance(Attend_ID,Employee_ID,Month,Date) VALUES ('EMRD.TA004.01.21','EMRD.TA004', 1 ,  '1986-01-21')
INSERT INTO Attendance(Attend_ID,Employee_ID,Month,Date) VALUES ('EMRD.TA004.01.22','EMRD.TA004', 1 ,  '1986-01-22')
INSERT INTO Attendance(Attend_ID,Employee_ID,Month,Date) VALUES ('EMRD.TA004.01.23','EMRD.TA004', 1 ,  '1986-01-23')
INSERT INTO Attendance(Attend_ID,Employee_ID,Month,Date) VALUES ('EMRD.TA004.01.24','EMRD.TA004', 1 ,  '1986-01-24')
INSERT INTO Attendance(Attend_ID,Employee_ID,Month,Date) VALUES ('EMRD.TA004.01.25','EMRD.TA004', 1 ,  '1986-01-25')
INSERT INTO Attendance(Attend_ID,Employee_ID,Month,Date) VALUES ('EMRD.TA004.01.26','EMRD.TA004', 1 ,  '1986-01-26')
INSERT INTO Attendance(Attend_ID,Employee_ID,Month,Date) VALUES ('EMRD.TA004.01.27','EMRD.TA004', 1 ,  '1986-01-27')
INSERT INTO Attendance(Attend_ID,Employee_ID,Month,Date) VALUES ('EMRD.TA004.01.28','EMRD.TA004', 1 ,  '1986-01-28')
INSERT INTO Attendance(Attend_ID,Employee_ID,Month,Date) VALUES ('EMRD.TA004.01.29','EMRD.TA004', 1 ,  '1986-01-29')
INSERT INTO Attendance(Attend_ID,Employee_ID,Month,Date) VALUES ('EMRD.TA004.01.30','EMRD.TA004', 1 ,  '1986-01-30')
INSERT INTO Attendance(Attend_ID,Employee_ID,Month,Date) VALUES ('EMRD.TA004.01.31','EMRD.TA004', 1 ,  '1986-01-31')

INSERT INTO Attendance(Attend_ID,Employee_ID,Month,Date) VALUES ('EMRD.TA005.01.01','EMRD.TA005', 1 ,  '1986-01-01')
INSERT INTO Attendance(Attend_ID,Employee_ID,Month,Date) VALUES ('EMRD.TA005.01.02','EMRD.TA005', 1 ,  '1986-01-02')
INSERT INTO Attendance(Attend_ID,Employee_ID,Month,Date) VALUES ('EMRD.TA005.01.03','EMRD.TA005', 1 ,  '1986-01-03')
INSERT INTO Attendance(Attend_ID,Employee_ID,Month,Date) VALUES ('EMRD.TA005.01.04','EMRD.TA005', 1 ,  '1986-01-04')
INSERT INTO Attendance(Attend_ID,Employee_ID,Month,Date) VALUES ('EMRD.TA005.01.05','EMRD.TA005', 1 ,  '1986-01-05')
INSERT INTO Attendance(Attend_ID,Employee_ID,Month,Date) VALUES ('EMRD.TA005.01.06','EMRD.TA005', 1 ,  '1986-01-06')
INSERT INTO Attendance(Attend_ID,Employee_ID,Month,Date) VALUES ('EMRD.TA005.01.07','EMRD.TA005', 1 ,  '1986-01-07')
INSERT INTO Attendance(Attend_ID,Employee_ID,Month,Date) VALUES ('EMRD.TA005.01.08','EMRD.TA005', 1 ,  '1986-01-08')
INSERT INTO Attendance(Attend_ID,Employee_ID,Month,Date) VALUES ('EMRD.TA005.01.09','EMRD.TA005', 1 ,  '1986-01-09')
INSERT INTO Attendance(Attend_ID,Employee_ID,Month,Date) VALUES ('EMRD.TA005.01.10','EMRD.TA005', 1 ,  '1986-01-10')
INSERT INTO Attendance(Attend_ID,Employee_ID,Month,Date) VALUES ('EMRD.TA005.01.11','EMRD.TA005', 1 ,  '1986-01-11')
INSERT INTO Attendance(Attend_ID,Employee_ID,Month,Date) VALUES ('EMRD.TA005.01.12','EMRD.TA005', 1 ,  '1986-01-12')
INSERT INTO Attendance(Attend_ID,Employee_ID,Month,Date) VALUES ('EMRD.TA005.01.13','EMRD.TA005', 1 ,  '1986-01-13')
INSERT INTO Attendance(Attend_ID,Employee_ID,Month,Date) VALUES ('EMRD.TA005.01.14','EMRD.TA005', 1 ,  '1986-01-14')
INSERT INTO Attendance(Attend_ID,Employee_ID,Month,Date) VALUES ('EMRD.TA005.01.15','EMRD.TA005', 1 ,  '1986-01-15')
INSERT INTO Attendance(Attend_ID,Employee_ID,Month,Date) VALUES ('EMRD.TA005.01.16','EMRD.TA005', 1 ,  '1986-01-16')
INSERT INTO Attendance(Attend_ID,Employee_ID,Month,Date) VALUES ('EMRD.TA005.01.18','EMRD.TA005', 1 ,  '1986-01-18')
INSERT INTO Attendance(Attend_ID,Employee_ID,Month,Date) VALUES ('EMRD.TA005.01.19','EMRD.TA005', 1 ,  '1986-01-19')
INSERT INTO Attendance(Attend_ID,Employee_ID,Month,Date) VALUES ('EMRD.TA005.01.20','EMRD.TA005', 1 ,  '1986-01-20')
INSERT INTO Attendance(Attend_ID,Employee_ID,Month,Date) VALUES ('EMRD.TA005.01.21','EMRD.TA005', 1 ,  '1986-01-21')
INSERT INTO Attendance(Attend_ID,Employee_ID,Month,Date) VALUES ('EMRD.TA005.01.22','EMRD.TA005', 1 ,  '1986-01-22')
INSERT INTO Attendance(Attend_ID,Employee_ID,Month,Date) VALUES ('EMRD.TA005.01.23','EMRD.TA005', 1 ,  '1986-01-23')
INSERT INTO Attendance(Attend_ID,Employee_ID,Month,Date) VALUES ('EMRD.TA005.01.24','EMRD.TA005', 1 ,  '1986-01-24')
INSERT INTO Attendance(Attend_ID,Employee_ID,Month,Date) VALUES ('EMRD.TA005.01.25','EMRD.TA005', 1 ,  '1986-01-25')
INSERT INTO Attendance(Attend_ID,Employee_ID,Month,Date) VALUES ('EMRD.TA005.01.26','EMRD.TA005', 1 ,  '1986-01-26')
INSERT INTO Attendance(Attend_ID,Employee_ID,Month,Date) VALUES ('EMRD.TA005.01.27','EMRD.TA005', 1 ,  '1986-01-27')
INSERT INTO Attendance(Attend_ID,Employee_ID,Month,Date) VALUES ('EMRD.TA005.01.28','EMRD.TA005', 1 ,  '1986-01-28')
INSERT INTO Attendance(Attend_ID,Employee_ID,Month,Date) VALUES ('EMRD.TA005.01.29','EMRD.TA005', 1 ,  '1986-01-29')
INSERT INTO Attendance(Attend_ID,Employee_ID,Month,Date) VALUES ('EMRD.TA005.01.30','EMRD.TA005', 1 ,  '1986-01-30')
INSERT INTO Attendance(Attend_ID,Employee_ID,Month,Date) VALUES ('EMRD.TA005.01.31','EMRD.TA005', 1 ,  '1986-01-31')

INSERT INTO Attendance(Attend_ID,Employee_ID,Month,Date) VALUES ('EMRD.TA006.01.01','EMRD.TA006', 1 ,  '1986-01-01')
INSERT INTO Attendance(Attend_ID,Employee_ID,Month,Date) VALUES ('EMRD.TA006.01.02','EMRD.TA006', 1 ,  '1986-01-02')
INSERT INTO Attendance(Attend_ID,Employee_ID,Month,Date) VALUES ('EMRD.TA006.01.04','EMRD.TA006', 1 ,  '1986-01-04')
INSERT INTO Attendance(Attend_ID,Employee_ID,Month,Date) VALUES ('EMRD.TA006.01.05','EMRD.TA006', 1 ,  '1986-01-05')
INSERT INTO Attendance(Attend_ID,Employee_ID,Month,Date) VALUES ('EMRD.TA006.01.06','EMRD.TA006', 1 ,  '1986-01-06')
INSERT INTO Attendance(Attend_ID,Employee_ID,Month,Date) VALUES ('EMRD.TA006.01.07','EMRD.TA006', 1 ,  '1986-01-07')
INSERT INTO Attendance(Attend_ID,Employee_ID,Month,Date) VALUES ('EMRD.TA006.01.08','EMRD.TA006', 1 ,  '1986-01-08')
INSERT INTO Attendance(Attend_ID,Employee_ID,Month,Date) VALUES ('EMRD.TA006.01.09','EMRD.TA006', 1 ,  '1986-01-09')
INSERT INTO Attendance(Attend_ID,Employee_ID,Month,Date) VALUES ('EMRD.TA006.01.10','EMRD.TA006', 1 ,  '1986-01-10')
INSERT INTO Attendance(Attend_ID,Employee_ID,Month,Date) VALUES ('EMRD.TA006.01.11','EMRD.TA006', 1 ,  '1986-01-11')
INSERT INTO Attendance(Attend_ID,Employee_ID,Month,Date) VALUES ('EMRD.TA006.01.12','EMRD.TA006', 1 ,  '1986-01-12')
INSERT INTO Attendance(Attend_ID,Employee_ID,Month,Date) VALUES ('EMRD.TA006.01.13','EMRD.TA006', 1 ,  '1986-01-13')
INSERT INTO Attendance(Attend_ID,Employee_ID,Month,Date) VALUES ('EMRD.TA006.01.14','EMRD.TA006', 1 ,  '1986-01-14')
INSERT INTO Attendance(Attend_ID,Employee_ID,Month,Date) VALUES ('EMRD.TA006.01.15','EMRD.TA006', 1 ,  '1986-01-15')
INSERT INTO Attendance(Attend_ID,Employee_ID,Month,Date) VALUES ('EMRD.TA006.01.16','EMRD.TA006', 1 ,  '1986-01-16')
INSERT INTO Attendance(Attend_ID,Employee_ID,Month,Date) VALUES ('EMRD.TA006.01.17','EMRD.TA006', 1 ,  '1986-01-17')
INSERT INTO Attendance(Attend_ID,Employee_ID,Month,Date) VALUES ('EMRD.TA006.01.18','EMRD.TA006', 1 ,  '1986-01-18')
INSERT INTO Attendance(Attend_ID,Employee_ID,Month,Date) VALUES ('EMRD.TA006.01.19','EMRD.TA006', 1 ,  '1986-01-19')
INSERT INTO Attendance(Attend_ID,Employee_ID,Month,Date) VALUES ('EMRD.TA006.01.20','EMRD.TA006', 1 ,  '1986-01-20')
INSERT INTO Attendance(Attend_ID,Employee_ID,Month,Date) VALUES ('EMRD.TA006.01.21','EMRD.TA006', 1 ,  '1986-01-21')
INSERT INTO Attendance(Attend_ID,Employee_ID,Month,Date) VALUES ('EMRD.TA006.01.22','EMRD.TA006', 1 ,  '1986-01-22')
INSERT INTO Attendance(Attend_ID,Employee_ID,Month,Date) VALUES ('EMRD.TA006.01.23','EMRD.TA006', 1 ,  '1986-01-23')
INSERT INTO Attendance(Attend_ID,Employee_ID,Month,Date) VALUES ('EMRD.TA006.01.24','EMRD.TA006', 1 ,  '1986-01-24')
INSERT INTO Attendance(Attend_ID,Employee_ID,Month,Date) VALUES ('EMRD.TA006.01.25','EMRD.TA006', 1 ,  '1986-01-25')
INSERT INTO Attendance(Attend_ID,Employee_ID,Month,Date) VALUES ('EMRD.TA006.01.26','EMRD.TA006', 1 ,  '1986-01-26')
INSERT INTO Attendance(Attend_ID,Employee_ID,Month,Date) VALUES ('EMRD.TA006.01.27','EMRD.TA006', 1 ,  '1986-01-27')
INSERT INTO Attendance(Attend_ID,Employee_ID,Month,Date) VALUES ('EMRD.TA006.01.28','EMRD.TA006', 1 ,  '1986-01-28')
INSERT INTO Attendance(Attend_ID,Employee_ID,Month,Date) VALUES ('EMRD.TA006.01.29','EMRD.TA006', 1 ,  '1986-01-29')
INSERT INTO Attendance(Attend_ID,Employee_ID,Month,Date) VALUES ('EMRD.TA006.01.30','EMRD.TA006', 1 ,  '1986-01-30')
INSERT INTO Attendance(Attend_ID,Employee_ID,Month,Date) VALUES ('EMRD.TA006.01.31','EMRD.TA006', 1 ,  '1986-01-31')

INSERT INTO Attendance(Attend_ID,Employee_ID,Month,Date) VALUES ('EMRD.TA007.01.01','EMRD.TA007', 1 ,  '1986-01-01')
INSERT INTO Attendance(Attend_ID,Employee_ID,Month,Date) VALUES ('EMRD.TA007.01.02','EMRD.TA007', 1 ,  '1986-01-02')
INSERT INTO Attendance(Attend_ID,Employee_ID,Month,Date) VALUES ('EMRD.TA007.01.03','EMRD.TA007', 1 ,  '1986-01-03')
INSERT INTO Attendance(Attend_ID,Employee_ID,Month,Date) VALUES ('EMRD.TA007.01.04','EMRD.TA007', 1 ,  '1986-01-04')
INSERT INTO Attendance(Attend_ID,Employee_ID,Month,Date) VALUES ('EMRD.TA007.01.05','EMRD.TA007', 1 ,  '1986-01-05')
INSERT INTO Attendance(Attend_ID,Employee_ID,Month,Date) VALUES ('EMRD.TA007.01.06','EMRD.TA007', 1 ,  '1986-01-06')
INSERT INTO Attendance(Attend_ID,Employee_ID,Month,Date) VALUES ('EMRD.TA007.01.07','EMRD.TA007', 1 ,  '1986-01-07')
INSERT INTO Attendance(Attend_ID,Employee_ID,Month,Date) VALUES ('EMRD.TA007.01.08','EMRD.TA007', 1 ,  '1986-01-08')
INSERT INTO Attendance(Attend_ID,Employee_ID,Month,Date) VALUES ('EMRD.TA007.01.09','EMRD.TA007', 1 ,  '1986-01-09')
INSERT INTO Attendance(Attend_ID,Employee_ID,Month,Date) VALUES ('EMRD.TA007.01.10','EMRD.TA007', 1 ,  '1986-01-10')
INSERT INTO Attendance(Attend_ID,Employee_ID,Month,Date) VALUES ('EMRD.TA007.01.11','EMRD.TA007', 1 ,  '1986-01-11')
INSERT INTO Attendance(Attend_ID,Employee_ID,Month,Date) VALUES ('EMRD.TA007.01.12','EMRD.TA007', 1 ,  '1986-01-12')
INSERT INTO Attendance(Attend_ID,Employee_ID,Month,Date) VALUES ('EMRD.TA007.01.13','EMRD.TA007', 1 ,  '1986-01-13')
INSERT INTO Attendance(Attend_ID,Employee_ID,Month,Date) VALUES ('EMRD.TA007.01.14','EMRD.TA007', 1 ,  '1986-01-14')
INSERT INTO Attendance(Attend_ID,Employee_ID,Month,Date) VALUES ('EMRD.TA007.01.15','EMRD.TA007', 1 ,  '1986-01-15')
INSERT INTO Attendance(Attend_ID,Employee_ID,Month,Date) VALUES ('EMRD.TA007.01.16','EMRD.TA007', 1 ,  '1986-01-16')
INSERT INTO Attendance(Attend_ID,Employee_ID,Month,Date) VALUES ('EMRD.TA007.01.17','EMRD.TA007', 1 ,  '1986-01-17')
INSERT INTO Attendance(Attend_ID,Employee_ID,Month,Date) VALUES ('EMRD.TA007.01.18','EMRD.TA007', 1 ,  '1986-01-18')
INSERT INTO Attendance(Attend_ID,Employee_ID,Month,Date) VALUES ('EMRD.TA007.01.19','EMRD.TA007', 1 ,  '1986-01-19')
INSERT INTO Attendance(Attend_ID,Employee_ID,Month,Date) VALUES ('EMRD.TA007.01.20','EMRD.TA007', 1 ,  '1986-01-20')
INSERT INTO Attendance(Attend_ID,Employee_ID,Month,Date) VALUES ('EMRD.TA007.01.21','EMRD.TA007', 1 ,  '1986-01-21')
INSERT INTO Attendance(Attend_ID,Employee_ID,Month,Date) VALUES ('EMRD.TA007.01.22','EMRD.TA007', 1 ,  '1986-01-22')
INSERT INTO Attendance(Attend_ID,Employee_ID,Month,Date) VALUES ('EMRD.TA007.01.23','EMRD.TA007', 1 ,  '1986-01-23')
INSERT INTO Attendance(Attend_ID,Employee_ID,Month,Date) VALUES ('EMRD.TA007.01.24','EMRD.TA007', 1 ,  '1986-01-24')
INSERT INTO Attendance(Attend_ID,Employee_ID,Month,Date) VALUES ('EMRD.TA007.01.25','EMRD.TA007', 1 ,  '1986-01-25')
INSERT INTO Attendance(Attend_ID,Employee_ID,Month,Date) VALUES ('EMRD.TA007.01.26','EMRD.TA007', 1 ,  '1986-01-26')
INSERT INTO Attendance(Attend_ID,Employee_ID,Month,Date) VALUES ('EMRD.TA007.01.27','EMRD.TA007', 1 ,  '1986-01-27')
INSERT INTO Attendance(Attend_ID,Employee_ID,Month,Date) VALUES ('EMRD.TA007.01.28','EMRD.TA007', 1 ,  '1986-01-28')
INSERT INTO Attendance(Attend_ID,Employee_ID,Month,Date) VALUES ('EMRD.TA007.01.29','EMRD.TA007', 1 ,  '1986-01-29')
INSERT INTO Attendance(Attend_ID,Employee_ID,Month,Date) VALUES ('EMRD.TA007.01.30','EMRD.TA007', 1 ,  '1986-01-30')
INSERT INTO Attendance(Attend_ID,Employee_ID,Month,Date) VALUES ('EMRD.TA007.01.31','EMRD.TA007', 1 ,  '1986-01-31')

/* 




Attendance in month 2 





*/

INSERT INTO Attendance(Attend_ID,Employee_ID,Month,Date) VALUES ('EMAC.TA001.02.01','EMAC.TA001', 2 ,  '1986-02-01')
INSERT INTO Attendance(Attend_ID,Employee_ID,Month,Date) VALUES ('EMAC.TA001.02.02','EMAC.TA001', 2 ,  '1986-02-02')
INSERT INTO Attendance(Attend_ID,Employee_ID,Month,Date) VALUES ('EMAC.TA001.02.03','EMAC.TA001', 2 ,  '1986-02-03')
INSERT INTO Attendance(Attend_ID,Employee_ID,Month,Date) VALUES ('EMAC.TA001.02.04','EMAC.TA001', 2 ,  '1986-02-04')
INSERT INTO Attendance(Attend_ID,Employee_ID,Month,Date) VALUES ('EMAC.TA001.02.05','EMAC.TA001', 2 ,  '1986-02-05')
INSERT INTO Attendance(Attend_ID,Employee_ID,Month,Date) VALUES ('EMAC.TA001.02.06','EMAC.TA001', 2 ,  '1986-02-06')
INSERT INTO Attendance(Attend_ID,Employee_ID,Month,Date) VALUES ('EMAC.TA001.02.07','EMAC.TA001', 2 ,  '1986-02-07')
INSERT INTO Attendance(Attend_ID,Employee_ID,Month,Date) VALUES ('EMAC.TA001.02.08','EMAC.TA001', 2 ,  '1986-02-08')
INSERT INTO Attendance(Attend_ID,Employee_ID,Month,Date) VALUES ('EMAC.TA001.02.09','EMAC.TA001', 2 ,  '1986-02-09')
INSERT INTO Attendance(Attend_ID,Employee_ID,Month,Date) VALUES ('EMAC.TA001.02.10','EMAC.TA001', 2 ,  '1986-02-10')
INSERT INTO Attendance(Attend_ID,Employee_ID,Month,Date) VALUES ('EMAC.TA001.02.11','EMAC.TA001', 2 ,  '1986-02-11')
INSERT INTO Attendance(Attend_ID,Employee_ID,Month,Date) VALUES ('EMAC.TA001.02.12','EMAC.TA001', 2 ,  '1986-02-12')
INSERT INTO Attendance(Attend_ID,Employee_ID,Month,Date) VALUES ('EMAC.TA001.02.13','EMAC.TA001', 2 ,  '1986-02-13')
INSERT INTO Attendance(Attend_ID,Employee_ID,Month,Date) VALUES ('EMAC.TA001.02.14','EMAC.TA001', 2 ,  '1986-02-14')
INSERT INTO Attendance(Attend_ID,Employee_ID,Month,Date) VALUES ('EMAC.TA001.02.15','EMAC.TA001', 2 ,  '1986-02-15')

INSERT INTO Attendance(Attend_ID,Employee_ID,Month,Date) VALUES ('EMAC.TA002.02.01','EMAC.TA002', 2 ,  '1986-02-01')
INSERT INTO Attendance(Attend_ID,Employee_ID,Month,Date) VALUES ('EMAC.TA002.02.02','EMAC.TA002', 2 ,  '1986-02-02')
INSERT INTO Attendance(Attend_ID,Employee_ID,Month,Date) VALUES ('EMAC.TA002.02.03','EMAC.TA002', 2 ,  '1986-02-03')
INSERT INTO Attendance(Attend_ID,Employee_ID,Month,Date) VALUES ('EMAC.TA002.02.04','EMAC.TA002', 2 ,  '1986-02-04')
INSERT INTO Attendance(Attend_ID,Employee_ID,Month,Date) VALUES ('EMAC.TA002.02.05','EMAC.TA002', 2 ,  '1986-02-05')
INSERT INTO Attendance(Attend_ID,Employee_ID,Month,Date) VALUES ('EMAC.TA002.02.06','EMAC.TA002', 2 ,  '1986-02-06')
INSERT INTO Attendance(Attend_ID,Employee_ID,Month,Date) VALUES ('EMAC.TA002.02.07','EMAC.TA002', 2 ,  '1986-02-07')
INSERT INTO Attendance(Attend_ID,Employee_ID,Month,Date) VALUES ('EMAC.TA002.02.08','EMAC.TA002', 2 ,  '1986-02-08')
INSERT INTO Attendance(Attend_ID,Employee_ID,Month,Date) VALUES ('EMAC.TA002.02.09','EMAC.TA002', 2 ,  '1986-02-09')
INSERT INTO Attendance(Attend_ID,Employee_ID,Month,Date) VALUES ('EMAC.TA002.02.10','EMAC.TA002', 2 ,  '1986-02-10')
INSERT INTO Attendance(Attend_ID,Employee_ID,Month,Date) VALUES ('EMAC.TA002.02.11','EMAC.TA002', 2 ,  '1986-02-11')
INSERT INTO Attendance(Attend_ID,Employee_ID,Month,Date) VALUES ('EMAC.TA002.02.12','EMAC.TA002', 2 ,  '1986-02-12')
INSERT INTO Attendance(Attend_ID,Employee_ID,Month,Date) VALUES ('EMAC.TA002.02.14','EMAC.TA002', 2 ,  '1986-02-14')
INSERT INTO Attendance(Attend_ID,Employee_ID,Month,Date) VALUES ('EMAC.TA002.02.15','EMAC.TA002', 2 ,  '1986-02-15')

INSERT INTO Attendance(Attend_ID,Employee_ID,Month,Date) VALUES ('EMAC.TA003.02.01','EMAC.TA003', 2 ,  '1986-02-01')
INSERT INTO Attendance(Attend_ID,Employee_ID,Month,Date) VALUES ('EMAC.TA003.02.02','EMAC.TA003', 2 ,  '1986-02-02')
INSERT INTO Attendance(Attend_ID,Employee_ID,Month,Date) VALUES ('EMAC.TA003.02.03','EMAC.TA003', 2 ,  '1986-02-03')
INSERT INTO Attendance(Attend_ID,Employee_ID,Month,Date) VALUES ('EMAC.TA003.02.04','EMAC.TA003', 2 ,  '1986-02-04')
INSERT INTO Attendance(Attend_ID,Employee_ID,Month,Date) VALUES ('EMAC.TA003.02.05','EMAC.TA003', 2 ,  '1986-02-05')
INSERT INTO Attendance(Attend_ID,Employee_ID,Month,Date) VALUES ('EMAC.TA003.02.06','EMAC.TA003', 2 ,  '1986-02-06')
INSERT INTO Attendance(Attend_ID,Employee_ID,Month,Date) VALUES ('EMAC.TA003.02.07','EMAC.TA003', 2 ,  '1986-02-07')
INSERT INTO Attendance(Attend_ID,Employee_ID,Month,Date) VALUES ('EMAC.TA003.02.09','EMAC.TA003', 2 ,  '1986-02-09')
INSERT INTO Attendance(Attend_ID,Employee_ID,Month,Date) VALUES ('EMAC.TA003.02.10','EMAC.TA003', 2 ,  '1986-02-10')
INSERT INTO Attendance(Attend_ID,Employee_ID,Month,Date) VALUES ('EMAC.TA003.02.11','EMAC.TA003', 2 ,  '1986-02-11')
INSERT INTO Attendance(Attend_ID,Employee_ID,Month,Date) VALUES ('EMAC.TA003.02.12','EMAC.TA003', 2 ,  '1986-02-12')
INSERT INTO Attendance(Attend_ID,Employee_ID,Month,Date) VALUES ('EMAC.TA003.02.13','EMAC.TA003', 2 ,  '1986-02-13')
INSERT INTO Attendance(Attend_ID,Employee_ID,Month,Date) VALUES ('EMAC.TA003.02.14','EMAC.TA003', 2 ,  '1986-02-14')
INSERT INTO Attendance(Attend_ID,Employee_ID,Month,Date) VALUES ('EMAC.TA003.02.15','EMAC.TA003', 2 ,  '1986-02-15')

INSERT INTO Attendance(Attend_ID,Employee_ID,Month,Date) VALUES ('EMAC.TA004.02.01','EMAC.TA004', 2 ,  '1986-02-01')
INSERT INTO Attendance(Attend_ID,Employee_ID,Month,Date) VALUES ('EMAC.TA004.02.02','EMAC.TA004', 2 ,  '1986-02-02')
INSERT INTO Attendance(Attend_ID,Employee_ID,Month,Date) VALUES ('EMAC.TA004.02.03','EMAC.TA004', 2 ,  '1986-02-03')
INSERT INTO Attendance(Attend_ID,Employee_ID,Month,Date) VALUES ('EMAC.TA004.02.04','EMAC.TA004', 2 ,  '1986-02-04')
INSERT INTO Attendance(Attend_ID,Employee_ID,Month,Date) VALUES ('EMAC.TA004.02.05','EMAC.TA004', 2 ,  '1986-02-05')
INSERT INTO Attendance(Attend_ID,Employee_ID,Month,Date) VALUES ('EMAC.TA004.02.06','EMAC.TA004', 2 ,  '1986-02-06')
INSERT INTO Attendance(Attend_ID,Employee_ID,Month,Date) VALUES ('EMAC.TA004.02.07','EMAC.TA004', 2 ,  '1986-02-07')
INSERT INTO Attendance(Attend_ID,Employee_ID,Month,Date) VALUES ('EMAC.TA004.02.08','EMAC.TA004', 2 ,  '1986-02-08')
INSERT INTO Attendance(Attend_ID,Employee_ID,Month,Date) VALUES ('EMAC.TA004.02.09','EMAC.TA004', 2 ,  '1986-02-09')
INSERT INTO Attendance(Attend_ID,Employee_ID,Month,Date) VALUES ('EMAC.TA004.02.10','EMAC.TA004', 2 ,  '1986-02-10')
INSERT INTO Attendance(Attend_ID,Employee_ID,Month,Date) VALUES ('EMAC.TA004.02.11','EMAC.TA004', 2 ,  '1986-02-11')
INSERT INTO Attendance(Attend_ID,Employee_ID,Month,Date) VALUES ('EMAC.TA004.02.12','EMAC.TA004', 2 ,  '1986-02-12')
INSERT INTO Attendance(Attend_ID,Employee_ID,Month,Date) VALUES ('EMAC.TA004.02.13','EMAC.TA004', 2 ,  '1986-02-13')
INSERT INTO Attendance(Attend_ID,Employee_ID,Month,Date) VALUES ('EMAC.TA004.02.14','EMAC.TA004', 2 ,  '1986-02-14')
INSERT INTO Attendance(Attend_ID,Employee_ID,Month,Date) VALUES ('EMAC.TA004.02.15','EMAC.TA004', 2 ,  '1986-02-15')


INSERT INTO Attendance(Attend_ID,Employee_ID,Month,Date) VALUES ('EMAC.TA005.02.01','EMAC.TA005', 2 ,  '1986-02-01')
INSERT INTO Attendance(Attend_ID,Employee_ID,Month,Date) VALUES ('EMAC.TA005.02.02','EMAC.TA005', 2 ,  '1986-02-02')
INSERT INTO Attendance(Attend_ID,Employee_ID,Month,Date) VALUES ('EMAC.TA005.02.03','EMAC.TA005', 2 ,  '1986-02-03')
INSERT INTO Attendance(Attend_ID,Employee_ID,Month,Date) VALUES ('EMAC.TA005.02.04','EMAC.TA005', 2 ,  '1986-02-04')
INSERT INTO Attendance(Attend_ID,Employee_ID,Month,Date) VALUES ('EMAC.TA005.02.05','EMAC.TA005', 2 ,  '1986-02-05')
INSERT INTO Attendance(Attend_ID,Employee_ID,Month,Date) VALUES ('EMAC.TA005.02.06','EMAC.TA005', 2 ,  '1986-02-06')
INSERT INTO Attendance(Attend_ID,Employee_ID,Month,Date) VALUES ('EMAC.TA005.02.07','EMAC.TA005', 2 ,  '1986-02-07')
INSERT INTO Attendance(Attend_ID,Employee_ID,Month,Date) VALUES ('EMAC.TA005.02.08','EMAC.TA005', 2 ,  '1986-02-08')
INSERT INTO Attendance(Attend_ID,Employee_ID,Month,Date) VALUES ('EMAC.TA005.02.09','EMAC.TA005', 2 ,  '1986-02-09')
INSERT INTO Attendance(Attend_ID,Employee_ID,Month,Date) VALUES ('EMAC.TA005.02.10','EMAC.TA005', 2 ,  '1986-02-10')
INSERT INTO Attendance(Attend_ID,Employee_ID,Month,Date) VALUES ('EMAC.TA005.02.11','EMAC.TA005', 2 ,  '1986-02-11')
INSERT INTO Attendance(Attend_ID,Employee_ID,Month,Date) VALUES ('EMAC.TA005.02.12','EMAC.TA005', 2 ,  '1986-02-12')
INSERT INTO Attendance(Attend_ID,Employee_ID,Month,Date) VALUES ('EMAC.TA005.02.13','EMAC.TA005', 2 ,  '1986-02-13')
INSERT INTO Attendance(Attend_ID,Employee_ID,Month,Date) VALUES ('EMAC.TA005.02.14','EMAC.TA005', 2 ,  '1986-02-14')
INSERT INTO Attendance(Attend_ID,Employee_ID,Month,Date) VALUES ('EMAC.TA005.02.15','EMAC.TA005', 2 ,  '1986-02-15')


INSERT INTO Attendance(Attend_ID,Employee_ID,Month,Date) VALUES ('EMAC.TA006.02.01','EMAC.TA006', 2 ,  '1986-02-01')
INSERT INTO Attendance(Attend_ID,Employee_ID,Month,Date) VALUES ('EMAC.TA006.02.02','EMAC.TA006', 2 ,  '1986-02-02')
INSERT INTO Attendance(Attend_ID,Employee_ID,Month,Date) VALUES ('EMAC.TA006.02.03','EMAC.TA006', 2 ,  '1986-02-03')
INSERT INTO Attendance(Attend_ID,Employee_ID,Month,Date) VALUES ('EMAC.TA006.02.04','EMAC.TA006', 2 ,  '1986-02-04')
INSERT INTO Attendance(Attend_ID,Employee_ID,Month,Date) VALUES ('EMAC.TA006.02.05','EMAC.TA006', 2 ,  '1986-02-05')
INSERT INTO Attendance(Attend_ID,Employee_ID,Month,Date) VALUES ('EMAC.TA006.02.06','EMAC.TA006', 2 ,  '1986-02-06')
INSERT INTO Attendance(Attend_ID,Employee_ID,Month,Date) VALUES ('EMAC.TA006.02.07','EMAC.TA006', 2 ,  '1986-02-07')
INSERT INTO Attendance(Attend_ID,Employee_ID,Month,Date) VALUES ('EMAC.TA006.02.08','EMAC.TA006', 2 ,  '1986-02-08')
INSERT INTO Attendance(Attend_ID,Employee_ID,Month,Date) VALUES ('EMAC.TA006.02.09','EMAC.TA006', 2 ,  '1986-02-09')
INSERT INTO Attendance(Attend_ID,Employee_ID,Month,Date) VALUES ('EMAC.TA006.02.10','EMAC.TA006', 2 ,  '1986-02-10')
INSERT INTO Attendance(Attend_ID,Employee_ID,Month,Date) VALUES ('EMAC.TA006.02.12','EMAC.TA006', 2 ,  '1986-02-12')
INSERT INTO Attendance(Attend_ID,Employee_ID,Month,Date) VALUES ('EMAC.TA006.02.13','EMAC.TA006', 2 ,  '1986-02-13')
INSERT INTO Attendance(Attend_ID,Employee_ID,Month,Date) VALUES ('EMAC.TA006.02.14','EMAC.TA006', 2 ,  '1986-02-14')
INSERT INTO Attendance(Attend_ID,Employee_ID,Month,Date) VALUES ('EMAC.TA006.02.15','EMAC.TA006', 2 ,  '1986-02-15')


INSERT INTO Attendance(Attend_ID,Employee_ID,Month,Date) VALUES ('EMAC.TA007.02.01','EMAC.TA007', 2 ,  '1986-02-01')
INSERT INTO Attendance(Attend_ID,Employee_ID,Month,Date) VALUES ('EMAC.TA007.02.02','EMAC.TA007', 2 ,  '1986-02-02')
INSERT INTO Attendance(Attend_ID,Employee_ID,Month,Date) VALUES ('EMAC.TA007.02.03','EMAC.TA007', 2 ,  '1986-02-03')
INSERT INTO Attendance(Attend_ID,Employee_ID,Month,Date) VALUES ('EMAC.TA007.02.04','EMAC.TA007', 2 ,  '1986-02-04')
INSERT INTO Attendance(Attend_ID,Employee_ID,Month,Date) VALUES ('EMAC.TA007.02.05','EMAC.TA007', 2 ,  '1986-02-05')
INSERT INTO Attendance(Attend_ID,Employee_ID,Month,Date) VALUES ('EMAC.TA007.02.06','EMAC.TA007', 2 ,  '1986-02-06')
INSERT INTO Attendance(Attend_ID,Employee_ID,Month,Date) VALUES ('EMAC.TA007.02.07','EMAC.TA007', 2 ,  '1986-02-07')
INSERT INTO Attendance(Attend_ID,Employee_ID,Month,Date) VALUES ('EMAC.TA007.02.08','EMAC.TA007', 2 ,  '1986-02-08')
INSERT INTO Attendance(Attend_ID,Employee_ID,Month,Date) VALUES ('EMAC.TA007.02.09','EMAC.TA007', 2 ,  '1986-02-09')
INSERT INTO Attendance(Attend_ID,Employee_ID,Month,Date) VALUES ('EMAC.TA007.02.10','EMAC.TA007', 2 ,  '1986-02-10')
INSERT INTO Attendance(Attend_ID,Employee_ID,Month,Date) VALUES ('EMAC.TA007.02.11','EMAC.TA007', 2 ,  '1986-02-11')
INSERT INTO Attendance(Attend_ID,Employee_ID,Month,Date) VALUES ('EMAC.TA007.02.12','EMAC.TA007', 2 ,  '1986-02-12')
INSERT INTO Attendance(Attend_ID,Employee_ID,Month,Date) VALUES ('EMAC.TA007.02.13','EMAC.TA007', 2 ,  '1986-02-13')
INSERT INTO Attendance(Attend_ID,Employee_ID,Month,Date) VALUES ('EMAC.TA007.02.14','EMAC.TA007', 2 ,  '1986-02-14')
INSERT INTO Attendance(Attend_ID,Employee_ID,Month,Date) VALUES ('EMAC.TA007.02.15','EMAC.TA007', 2 ,  '1986-02-15')


INSERT INTO Attendance(Attend_ID,Employee_ID,Month,Date) VALUES ('EMSA.TA001.02.01','EMSA.TA001', 2 ,  '1986-02-01')
INSERT INTO Attendance(Attend_ID,Employee_ID,Month,Date) VALUES ('EMSA.TA001.02.02','EMSA.TA001', 2 ,  '1986-02-02')
INSERT INTO Attendance(Attend_ID,Employee_ID,Month,Date) VALUES ('EMSA.TA001.02.03','EMSA.TA001', 2 ,  '1986-02-03')
INSERT INTO Attendance(Attend_ID,Employee_ID,Month,Date) VALUES ('EMSA.TA001.02.04','EMSA.TA001', 2 ,  '1986-02-04')
INSERT INTO Attendance(Attend_ID,Employee_ID,Month,Date) VALUES ('EMSA.TA001.02.05','EMSA.TA001', 2 ,  '1986-02-05')
INSERT INTO Attendance(Attend_ID,Employee_ID,Month,Date) VALUES ('EMSA.TA001.02.06','EMSA.TA001', 2 ,  '1986-02-06')
INSERT INTO Attendance(Attend_ID,Employee_ID,Month,Date) VALUES ('EMSA.TA001.02.07','EMSA.TA001', 2 ,  '1986-02-07')
INSERT INTO Attendance(Attend_ID,Employee_ID,Month,Date) VALUES ('EMSA.TA001.02.08','EMSA.TA001', 2 ,  '1986-02-08')
INSERT INTO Attendance(Attend_ID,Employee_ID,Month,Date) VALUES ('EMSA.TA001.02.10','EMSA.TA001', 2 ,  '1986-02-10')
INSERT INTO Attendance(Attend_ID,Employee_ID,Month,Date) VALUES ('EMSA.TA001.02.11','EMSA.TA001', 2 ,  '1986-02.11')
INSERT INTO Attendance(Attend_ID,Employee_ID,Month,Date) VALUES ('EMSA.TA001.02.12','EMSA.TA001', 2 ,  '1986-02-12')
INSERT INTO Attendance(Attend_ID,Employee_ID,Month,Date) VALUES ('EMSA.TA001.02.13','EMSA.TA001', 2 ,  '1986-02-13')
INSERT INTO Attendance(Attend_ID,Employee_ID,Month,Date) VALUES ('EMSA.TA001.02.14','EMSA.TA001', 2 ,  '1986-02-14')
INSERT INTO Attendance(Attend_ID,Employee_ID,Month,Date) VALUES ('EMSA.TA001.02.15','EMSA.TA001', 2 ,  '1986-02-15')


INSERT INTO Attendance(Attend_ID,Employee_ID,Month,Date) VALUES ('EMSA.TA002.02.01','EMSA.TA002', 2 ,  '1986-02-01')
INSERT INTO Attendance(Attend_ID,Employee_ID,Month,Date) VALUES ('EMSA.TA002.02.02','EMSA.TA002', 2 ,  '1986-02-02')
INSERT INTO Attendance(Attend_ID,Employee_ID,Month,Date) VALUES ('EMSA.TA002.02.03','EMSA.TA002', 2 ,  '1986-02-03')
INSERT INTO Attendance(Attend_ID,Employee_ID,Month,Date) VALUES ('EMSA.TA002.02.04','EMSA.TA002', 2 ,  '1986-02-04')
INSERT INTO Attendance(Attend_ID,Employee_ID,Month,Date) VALUES ('EMSA.TA002.02.05','EMSA.TA002', 2 ,  '1986-02-05')
INSERT INTO Attendance(Attend_ID,Employee_ID,Month,Date) VALUES ('EMSA.TA002.02.06','EMSA.TA002', 2 ,  '1986-02-06')
INSERT INTO Attendance(Attend_ID,Employee_ID,Month,Date) VALUES ('EMSA.TA002.02.07','EMSA.TA002', 2 ,  '1986-02-07')
INSERT INTO Attendance(Attend_ID,Employee_ID,Month,Date) VALUES ('EMSA.TA002.02.08','EMSA.TA002', 2 ,  '1986-02-08')
INSERT INTO Attendance(Attend_ID,Employee_ID,Month,Date) VALUES ('EMSA.TA002.02.09','EMSA.TA002', 2 ,  '1986-02-09')
INSERT INTO Attendance(Attend_ID,Employee_ID,Month,Date) VALUES ('EMSA.TA002.02.10','EMSA.TA002', 2 ,  '1986-02-10')
INSERT INTO Attendance(Attend_ID,Employee_ID,Month,Date) VALUES ('EMSA.TA002.02.11','EMSA.TA002', 2 ,  '1986-02-11')
INSERT INTO Attendance(Attend_ID,Employee_ID,Month,Date) VALUES ('EMSA.TA002.02.12','EMSA.TA002', 2 ,  '1986-02-12')
INSERT INTO Attendance(Attend_ID,Employee_ID,Month,Date) VALUES ('EMSA.TA002.02.13','EMSA.TA002', 2 ,  '1986-02-13')
INSERT INTO Attendance(Attend_ID,Employee_ID,Month,Date) VALUES ('EMSA.TA002.02.14','EMSA.TA002', 2 ,  '1986-02-14')
INSERT INTO Attendance(Attend_ID,Employee_ID,Month,Date) VALUES ('EMSA.TA002.02.15','EMSA.TA002', 2 ,  '1986-02-15')


INSERT INTO Attendance(Attend_ID,Employee_ID,Month,Date) VALUES ('EMSA.TA003.02.01','EMSA.TA003', 2 ,  '1986-02-01')
INSERT INTO Attendance(Attend_ID,Employee_ID,Month,Date) VALUES ('EMSA.TA003.02.02','EMSA.TA003', 2 ,  '1986-02-02')
INSERT INTO Attendance(Attend_ID,Employee_ID,Month,Date) VALUES ('EMSA.TA003.02.03','EMSA.TA003', 2 ,  '1986-02-03')
INSERT INTO Attendance(Attend_ID,Employee_ID,Month,Date) VALUES ('EMSA.TA003.02.04','EMSA.TA003', 2 ,  '1986-02-04')
INSERT INTO Attendance(Attend_ID,Employee_ID,Month,Date) VALUES ('EMSA.TA003.02.05','EMSA.TA003', 2 ,  '1986-02-05')
INSERT INTO Attendance(Attend_ID,Employee_ID,Month,Date) VALUES ('EMSA.TA003.02.06','EMSA.TA003', 2 ,  '1986-02-06')
INSERT INTO Attendance(Attend_ID,Employee_ID,Month,Date) VALUES ('EMSA.TA003.02.07','EMSA.TA003', 2 ,  '1986-02-07')
INSERT INTO Attendance(Attend_ID,Employee_ID,Month,Date) VALUES ('EMSA.TA003.02.08','EMSA.TA003', 2 ,  '1986-02-08')
INSERT INTO Attendance(Attend_ID,Employee_ID,Month,Date) VALUES ('EMSA.TA003.02.09','EMSA.TA003', 2 ,  '1986-02-09')
INSERT INTO Attendance(Attend_ID,Employee_ID,Month,Date) VALUES ('EMSA.TA003.02.10','EMSA.TA003', 2 ,  '1986-02-10')
INSERT INTO Attendance(Attend_ID,Employee_ID,Month,Date) VALUES ('EMSA.TA003.02.11','EMSA.TA003', 2 ,  '1986-02-11')
INSERT INTO Attendance(Attend_ID,Employee_ID,Month,Date) VALUES ('EMSA.TA003.02.12','EMSA.TA003', 2 ,  '1986-02-12')
INSERT INTO Attendance(Attend_ID,Employee_ID,Month,Date) VALUES ('EMSA.TA003.02.13','EMSA.TA003', 2 ,  '1986-02-13')
INSERT INTO Attendance(Attend_ID,Employee_ID,Month,Date) VALUES ('EMSA.TA003.02.14','EMSA.TA003', 2 ,  '1986-02-14')
INSERT INTO Attendance(Attend_ID,Employee_ID,Month,Date) VALUES ('EMSA.TA003.02.15','EMSA.TA003', 2 ,  '1986-02-15')

INSERT INTO Attendance(Attend_ID,Employee_ID,Month,Date) VALUES ('EMSA.TA004.02.01','EMSA.TA004', 2 ,  '1986-02-01')
INSERT INTO Attendance(Attend_ID,Employee_ID,Month,Date) VALUES ('EMSA.TA004.02.02','EMSA.TA004', 2 ,  '1986-02-02')
INSERT INTO Attendance(Attend_ID,Employee_ID,Month,Date) VALUES ('EMSA.TA004.02.03','EMSA.TA004', 2 ,  '1986-02-03')
INSERT INTO Attendance(Attend_ID,Employee_ID,Month,Date) VALUES ('EMSA.TA004.02.04','EMSA.TA004', 2 ,  '1986-02-04')
INSERT INTO Attendance(Attend_ID,Employee_ID,Month,Date) VALUES ('EMSA.TA004.02.05','EMSA.TA004', 2 ,  '1986-02-05')
INSERT INTO Attendance(Attend_ID,Employee_ID,Month,Date) VALUES ('EMSA.TA004.02.06','EMSA.TA004', 2 ,  '1986-02-06')
INSERT INTO Attendance(Attend_ID,Employee_ID,Month,Date) VALUES ('EMSA.TA004.02.07','EMSA.TA004', 2 ,  '1986-02-07')
INSERT INTO Attendance(Attend_ID,Employee_ID,Month,Date) VALUES ('EMSA.TA004.02.08','EMSA.TA004', 2 ,  '1986-02-08')
INSERT INTO Attendance(Attend_ID,Employee_ID,Month,Date) VALUES ('EMSA.TA004.02.09','EMSA.TA004', 2 ,  '1986-02-09')
INSERT INTO Attendance(Attend_ID,Employee_ID,Month,Date) VALUES ('EMSA.TA004.02.10','EMSA.TA004', 2 ,  '1986-02-10')
INSERT INTO Attendance(Attend_ID,Employee_ID,Month,Date) VALUES ('EMSA.TA004.02.11','EMSA.TA004', 2 ,  '1986-02-11')
INSERT INTO Attendance(Attend_ID,Employee_ID,Month,Date) VALUES ('EMSA.TA004.02.12','EMSA.TA004', 2 ,  '1986-02-12')
INSERT INTO Attendance(Attend_ID,Employee_ID,Month,Date) VALUES ('EMSA.TA004.02.13','EMSA.TA004', 2 ,  '1986-02-13')
INSERT INTO Attendance(Attend_ID,Employee_ID,Month,Date) VALUES ('EMSA.TA004.02.14','EMSA.TA004', 2 ,  '1986-02-14')
INSERT INTO Attendance(Attend_ID,Employee_ID,Month,Date) VALUES ('EMSA.TA004.02.15','EMSA.TA004', 2 ,  '1986-02-15')

INSERT INTO Attendance(Attend_ID,Employee_ID,Month,Date) VALUES ('EMSA.TA005.02.01','EMSA.TA005', 2 ,  '1986-02-01')
INSERT INTO Attendance(Attend_ID,Employee_ID,Month,Date) VALUES ('EMSA.TA005.02.02','EMSA.TA005', 2 ,  '1986-02-02')
INSERT INTO Attendance(Attend_ID,Employee_ID,Month,Date) VALUES ('EMSA.TA005.02.03','EMSA.TA005', 2 ,  '1986-02-03')
INSERT INTO Attendance(Attend_ID,Employee_ID,Month,Date) VALUES ('EMSA.TA005.02.04','EMSA.TA005', 2 ,  '1986-02-04')
INSERT INTO Attendance(Attend_ID,Employee_ID,Month,Date) VALUES ('EMSA.TA005.02.05','EMSA.TA005', 2 ,  '1986-02-05')
INSERT INTO Attendance(Attend_ID,Employee_ID,Month,Date) VALUES ('EMSA.TA005.02.06','EMSA.TA005', 2 ,  '1986-02-06')
INSERT INTO Attendance(Attend_ID,Employee_ID,Month,Date) VALUES ('EMSA.TA005.02.07','EMSA.TA005', 2 ,  '1986-02-07')
INSERT INTO Attendance(Attend_ID,Employee_ID,Month,Date) VALUES ('EMSA.TA005.02.08','EMSA.TA005', 2 ,  '1986-02-08')
INSERT INTO Attendance(Attend_ID,Employee_ID,Month,Date) VALUES ('EMSA.TA005.02.09','EMSA.TA005', 2 ,  '1986-02-09')
INSERT INTO Attendance(Attend_ID,Employee_ID,Month,Date) VALUES ('EMSA.TA005.02.10','EMSA.TA005', 2 ,  '1986-02-10')
INSERT INTO Attendance(Attend_ID,Employee_ID,Month,Date) VALUES ('EMSA.TA005.02.11','EMSA.TA005', 2 ,  '1986-02-11')
INSERT INTO Attendance(Attend_ID,Employee_ID,Month,Date) VALUES ('EMSA.TA005.02.12','EMSA.TA005', 2 ,  '1986-02-12')
INSERT INTO Attendance(Attend_ID,Employee_ID,Month,Date) VALUES ('EMSA.TA005.02.13','EMSA.TA005', 2 ,  '1986-02-13')
INSERT INTO Attendance(Attend_ID,Employee_ID,Month,Date) VALUES ('EMSA.TA005.02.14','EMSA.TA005', 2 ,  '1986-02-14')
INSERT INTO Attendance(Attend_ID,Employee_ID,Month,Date) VALUES ('EMSA.TA005.02.15','EMSA.TA005', 2 ,  '1986-02-15')

INSERT INTO Attendance(Attend_ID,Employee_ID,Month,Date) VALUES ('EMSA.TA006.02.01','EMSA.TA006', 2 ,  '1986-02-01')
INSERT INTO Attendance(Attend_ID,Employee_ID,Month,Date) VALUES ('EMSA.TA006.02.02','EMSA.TA006', 2 ,  '1986-02-02')
INSERT INTO Attendance(Attend_ID,Employee_ID,Month,Date) VALUES ('EMSA.TA006.02.03','EMSA.TA006', 2 ,  '1986-02-03')
INSERT INTO Attendance(Attend_ID,Employee_ID,Month,Date) VALUES ('EMSA.TA006.02.04','EMSA.TA006', 2 ,  '1986-02-04')
INSERT INTO Attendance(Attend_ID,Employee_ID,Month,Date) VALUES ('EMSA.TA006.02.05','EMSA.TA006', 2 ,  '1986-02-05')
INSERT INTO Attendance(Attend_ID,Employee_ID,Month,Date) VALUES ('EMSA.TA006.02.06','EMSA.TA006', 2 ,  '1986-02-06')
INSERT INTO Attendance(Attend_ID,Employee_ID,Month,Date) VALUES ('EMSA.TA006.02.07','EMSA.TA006', 2 ,  '1986-02-07')
INSERT INTO Attendance(Attend_ID,Employee_ID,Month,Date) VALUES ('EMSA.TA006.02.08','EMSA.TA006', 2 ,  '1986-02-08')
INSERT INTO Attendance(Attend_ID,Employee_ID,Month,Date) VALUES ('EMSA.TA006.02.09','EMSA.TA006', 2 ,  '1986-02-09')
INSERT INTO Attendance(Attend_ID,Employee_ID,Month,Date) VALUES ('EMSA.TA006.02.10','EMSA.TA006', 2 ,  '1986-02-10')
INSERT INTO Attendance(Attend_ID,Employee_ID,Month,Date) VALUES ('EMSA.TA006.02.11','EMSA.TA006', 2 ,  '1986-02-11')
INSERT INTO Attendance(Attend_ID,Employee_ID,Month,Date) VALUES ('EMSA.TA006.02.12','EMSA.TA006', 2 ,  '1986-02-12')
INSERT INTO Attendance(Attend_ID,Employee_ID,Month,Date) VALUES ('EMSA.TA006.02.13','EMSA.TA006', 2 ,  '1986-02-13')
INSERT INTO Attendance(Attend_ID,Employee_ID,Month,Date) VALUES ('EMSA.TA006.02.14','EMSA.TA006', 2 ,  '1986-02-14')
INSERT INTO Attendance(Attend_ID,Employee_ID,Month,Date) VALUES ('EMSA.TA006.02.15','EMSA.TA006', 2 ,  '1986-02-15')

INSERT INTO Attendance(Attend_ID,Employee_ID,Month,Date) VALUES ('EMSA.TA007.02.01','EMSA.TA007', 2 ,  '1986-02-01')
INSERT INTO Attendance(Attend_ID,Employee_ID,Month,Date) VALUES ('EMSA.TA007.02.02','EMSA.TA007', 2 ,  '1986-02-02')
INSERT INTO Attendance(Attend_ID,Employee_ID,Month,Date) VALUES ('EMSA.TA007.02.03','EMSA.TA007', 2 ,  '1986-02-03')
INSERT INTO Attendance(Attend_ID,Employee_ID,Month,Date) VALUES ('EMSA.TA007.02.04','EMSA.TA007', 2 ,  '1986-02-04')
INSERT INTO Attendance(Attend_ID,Employee_ID,Month,Date) VALUES ('EMSA.TA007.02.05','EMSA.TA007', 2 ,  '1986-02-05')
INSERT INTO Attendance(Attend_ID,Employee_ID,Month,Date) VALUES ('EMSA.TA007.02.06','EMSA.TA007', 2 ,  '1986-02-06')
INSERT INTO Attendance(Attend_ID,Employee_ID,Month,Date) VALUES ('EMSA.TA007.02.07','EMSA.TA007', 2 ,  '1986-02-07')
INSERT INTO Attendance(Attend_ID,Employee_ID,Month,Date) VALUES ('EMSA.TA007.02.08','EMSA.TA007', 2 ,  '1986-02-08')
INSERT INTO Attendance(Attend_ID,Employee_ID,Month,Date) VALUES ('EMSA.TA007.02.09','EMSA.TA007', 2 ,  '1986-02-09')
INSERT INTO Attendance(Attend_ID,Employee_ID,Month,Date) VALUES ('EMSA.TA007.02.10','EMSA.TA007', 2 ,  '1986-02-10')
INSERT INTO Attendance(Attend_ID,Employee_ID,Month,Date) VALUES ('EMSA.TA007.02.11','EMSA.TA007', 2 ,  '1986-02-11')
INSERT INTO Attendance(Attend_ID,Employee_ID,Month,Date) VALUES ('EMSA.TA007.02.12','EMSA.TA007', 2 ,  '1986-02-12')
INSERT INTO Attendance(Attend_ID,Employee_ID,Month,Date) VALUES ('EMSA.TA007.02.13','EMSA.TA007', 2 ,  '1986-02-13')
INSERT INTO Attendance(Attend_ID,Employee_ID,Month,Date) VALUES ('EMSA.TA007.02.14','EMSA.TA007', 2 ,  '1986-02-14')
INSERT INTO Attendance(Attend_ID,Employee_ID,Month,Date) VALUES ('EMSA.TA007.02.15','EMSA.TA007', 2 ,  '1986-02-15')

INSERT INTO Attendance(Attend_ID,Employee_ID,Month,Date) VALUES ('EMHR.TA001.02.01','EMHR.TA001', 2 ,  '1986-02-01')
INSERT INTO Attendance(Attend_ID,Employee_ID,Month,Date) VALUES ('EMHR.TA001.02.02','EMHR.TA001', 2 ,  '1986-02-02')
INSERT INTO Attendance(Attend_ID,Employee_ID,Month,Date) VALUES ('EMHR.TA001.02.03','EMHR.TA001', 2 ,  '1986-02-03')
INSERT INTO Attendance(Attend_ID,Employee_ID,Month,Date) VALUES ('EMHR.TA001.02.04','EMHR.TA001', 2 ,  '1986-02-04')
INSERT INTO Attendance(Attend_ID,Employee_ID,Month,Date) VALUES ('EMHR.TA001.02.05','EMHR.TA001', 2 ,  '1986-02-05')
INSERT INTO Attendance(Attend_ID,Employee_ID,Month,Date) VALUES ('EMHR.TA001.02.06','EMHR.TA001', 2 ,  '1986-02-06')
INSERT INTO Attendance(Attend_ID,Employee_ID,Month,Date) VALUES ('EMHR.TA001.02.07','EMHR.TA001', 2 ,  '1986-02-07')
INSERT INTO Attendance(Attend_ID,Employee_ID,Month,Date) VALUES ('EMHR.TA001.02.08','EMHR.TA001', 2 ,  '1986-02-08')
INSERT INTO Attendance(Attend_ID,Employee_ID,Month,Date) VALUES ('EMHR.TA001.02.09','EMHR.TA001', 2 ,  '1986-02-09')
INSERT INTO Attendance(Attend_ID,Employee_ID,Month,Date) VALUES ('EMHR.TA001.02.10','EMHR.TA001', 2 ,  '1986-02-10')
INSERT INTO Attendance(Attend_ID,Employee_ID,Month,Date) VALUES ('EMHR.TA001.02.11','EMHR.TA001', 2 ,  '1986-02-11')
INSERT INTO Attendance(Attend_ID,Employee_ID,Month,Date) VALUES ('EMHR.TA001.02.12','EMHR.TA001', 2 ,  '1986-02-12')
INSERT INTO Attendance(Attend_ID,Employee_ID,Month,Date) VALUES ('EMHR.TA001.02.13','EMHR.TA001', 2 ,  '1986-02-13')
INSERT INTO Attendance(Attend_ID,Employee_ID,Month,Date) VALUES ('EMHR.TA001.02.14','EMHR.TA001', 2 ,  '1986-02-14')
INSERT INTO Attendance(Attend_ID,Employee_ID,Month,Date) VALUES ('EMHR.TA001.02.15','EMHR.TA001', 2 ,  '1986-02-15')

INSERT INTO Attendance(Attend_ID,Employee_ID,Month,Date) VALUES ('EMHR.TA002.02.01','EMHR.TA002', 2 ,  '1986-02-01')
INSERT INTO Attendance(Attend_ID,Employee_ID,Month,Date) VALUES ('EMHR.TA002.02.02','EMHR.TA002', 2 ,  '1986-02-02')
INSERT INTO Attendance(Attend_ID,Employee_ID,Month,Date) VALUES ('EMHR.TA002.02.03','EMHR.TA002', 2 ,  '1986-02-03')
INSERT INTO Attendance(Attend_ID,Employee_ID,Month,Date) VALUES ('EMHR.TA002.02.04','EMHR.TA002', 2 ,  '1986-02-04')
INSERT INTO Attendance(Attend_ID,Employee_ID,Month,Date) VALUES ('EMHR.TA002.02.05','EMHR.TA002', 2 ,  '1986-02-05')
INSERT INTO Attendance(Attend_ID,Employee_ID,Month,Date) VALUES ('EMHR.TA002.02.06','EMHR.TA002', 2 ,  '1986-02-06')
INSERT INTO Attendance(Attend_ID,Employee_ID,Month,Date) VALUES ('EMHR.TA002.02.07','EMHR.TA002', 2 ,  '1986-02-07')
INSERT INTO Attendance(Attend_ID,Employee_ID,Month,Date) VALUES ('EMHR.TA002.02.08','EMHR.TA002', 2 ,  '1986-02-08')
INSERT INTO Attendance(Attend_ID,Employee_ID,Month,Date) VALUES ('EMHR.TA002.02.09','EMHR.TA002', 2 ,  '1986-02-09')
INSERT INTO Attendance(Attend_ID,Employee_ID,Month,Date) VALUES ('EMHR.TA002.02.10','EMHR.TA002', 2 ,  '1986-02-10')
INSERT INTO Attendance(Attend_ID,Employee_ID,Month,Date) VALUES ('EMHR.TA002.02.11','EMHR.TA002', 2 ,  '1986-02-11')
INSERT INTO Attendance(Attend_ID,Employee_ID,Month,Date) VALUES ('EMHR.TA002.02.12','EMHR.TA002', 2 ,  '1986-02-12')
INSERT INTO Attendance(Attend_ID,Employee_ID,Month,Date) VALUES ('EMHR.TA002.02.13','EMHR.TA002', 2 ,  '1986-02-13')
INSERT INTO Attendance(Attend_ID,Employee_ID,Month,Date) VALUES ('EMHR.TA002.02.14','EMHR.TA002', 2 ,  '1986-02-14')
INSERT INTO Attendance(Attend_ID,Employee_ID,Month,Date) VALUES ('EMHR.TA002.02.15','EMHR.TA002', 2 ,  '1986-02-15')

INSERT INTO Attendance(Attend_ID,Employee_ID,Month,Date) VALUES ('EMHR.TA003.02.01','EMHR.TA003', 2 ,  '1986-02-01')
INSERT INTO Attendance(Attend_ID,Employee_ID,Month,Date) VALUES ('EMHR.TA003.02.02','EMHR.TA003', 2 ,  '1986-02-02')
INSERT INTO Attendance(Attend_ID,Employee_ID,Month,Date) VALUES ('EMHR.TA003.02.03','EMHR.TA003', 2 ,  '1986-02-03')
INSERT INTO Attendance(Attend_ID,Employee_ID,Month,Date) VALUES ('EMHR.TA003.02.04','EMHR.TA003', 2 ,  '1986-02-04')
INSERT INTO Attendance(Attend_ID,Employee_ID,Month,Date) VALUES ('EMHR.TA003.02.05','EMHR.TA003', 2 ,  '1986-02-05')
INSERT INTO Attendance(Attend_ID,Employee_ID,Month,Date) VALUES ('EMHR.TA003.02.06','EMHR.TA003', 2 ,  '1986-02-06')
INSERT INTO Attendance(Attend_ID,Employee_ID,Month,Date) VALUES ('EMHR.TA003.02.07','EMHR.TA003', 2 ,  '1986-02-07')
INSERT INTO Attendance(Attend_ID,Employee_ID,Month,Date) VALUES ('EMHR.TA003.02.08','EMHR.TA003', 2 ,  '1986-02-08')
INSERT INTO Attendance(Attend_ID,Employee_ID,Month,Date) VALUES ('EMHR.TA003.02.09','EMHR.TA003', 2 ,  '1986-02-09')
INSERT INTO Attendance(Attend_ID,Employee_ID,Month,Date) VALUES ('EMHR.TA003.02.10','EMHR.TA003', 2 ,  '1986-02-10')
INSERT INTO Attendance(Attend_ID,Employee_ID,Month,Date) VALUES ('EMHR.TA003.02.11','EMHR.TA003', 2 ,  '1986-02-11')
INSERT INTO Attendance(Attend_ID,Employee_ID,Month,Date) VALUES ('EMHR.TA003.02.12','EMHR.TA003', 2 ,  '1986-02-12')
INSERT INTO Attendance(Attend_ID,Employee_ID,Month,Date) VALUES ('EMHR.TA003.02.13','EMHR.TA003', 2 ,  '1986-02-13')
INSERT INTO Attendance(Attend_ID,Employee_ID,Month,Date) VALUES ('EMHR.TA003.02.14','EMHR.TA003', 2 ,  '1986-02-14')
INSERT INTO Attendance(Attend_ID,Employee_ID,Month,Date) VALUES ('EMHR.TA003.02.15','EMHR.TA003', 2 ,  '1986-02-15')

INSERT INTO Attendance(Attend_ID,Employee_ID,Month,Date) VALUES ('EMHR.TA004.02.01','EMHR.TA004', 2 ,  '1986-02-01')
INSERT INTO Attendance(Attend_ID,Employee_ID,Month,Date) VALUES ('EMHR.TA004.02.02','EMHR.TA004', 2 ,  '1986-02-02')
INSERT INTO Attendance(Attend_ID,Employee_ID,Month,Date) VALUES ('EMHR.TA004.02.04','EMHR.TA004', 2 ,  '1986-02-04')
INSERT INTO Attendance(Attend_ID,Employee_ID,Month,Date) VALUES ('EMHR.TA004.02.05','EMHR.TA004', 2 ,  '1986-02-05')
INSERT INTO Attendance(Attend_ID,Employee_ID,Month,Date) VALUES ('EMHR.TA004.02.06','EMHR.TA004', 2 ,  '1986-02-06')
INSERT INTO Attendance(Attend_ID,Employee_ID,Month,Date) VALUES ('EMHR.TA004.02.07','EMHR.TA004', 2 ,  '1986-02-07')
INSERT INTO Attendance(Attend_ID,Employee_ID,Month,Date) VALUES ('EMHR.TA004.02.08','EMHR.TA004', 2 ,  '1986-02-08')
INSERT INTO Attendance(Attend_ID,Employee_ID,Month,Date) VALUES ('EMHR.TA004.02.09','EMHR.TA004', 2 ,  '1986-02-09')
INSERT INTO Attendance(Attend_ID,Employee_ID,Month,Date) VALUES ('EMHR.TA004.02.10','EMHR.TA004', 2 ,  '1986-02-10')
INSERT INTO Attendance(Attend_ID,Employee_ID,Month,Date) VALUES ('EMHR.TA004.02.11','EMHR.TA004', 2 ,  '1986-02-11')
INSERT INTO Attendance(Attend_ID,Employee_ID,Month,Date) VALUES ('EMHR.TA004.02.12','EMHR.TA004', 2 ,  '1986-02-12')
INSERT INTO Attendance(Attend_ID,Employee_ID,Month,Date) VALUES ('EMHR.TA004.02.13','EMHR.TA004', 2 ,  '1986-02-13')
INSERT INTO Attendance(Attend_ID,Employee_ID,Month,Date) VALUES ('EMHR.TA004.02.14','EMHR.TA004', 2 ,  '1986-02-14')
INSERT INTO Attendance(Attend_ID,Employee_ID,Month,Date) VALUES ('EMHR.TA004.02.15','EMHR.TA004', 2 ,  '1986-02-15')

INSERT INTO Attendance(Attend_ID,Employee_ID,Month,Date) VALUES ('EMHR.TA005.02.01','EMHR.TA005', 2 ,  '1986-02-01')
INSERT INTO Attendance(Attend_ID,Employee_ID,Month,Date) VALUES ('EMHR.TA005.02.02','EMHR.TA005', 2 ,  '1986-02-02')
INSERT INTO Attendance(Attend_ID,Employee_ID,Month,Date) VALUES ('EMHR.TA005.02.03','EMHR.TA005', 2 ,  '1986-02-03')
INSERT INTO Attendance(Attend_ID,Employee_ID,Month,Date) VALUES ('EMHR.TA005.02.04','EMHR.TA005', 2 ,  '1986-02-04')
INSERT INTO Attendance(Attend_ID,Employee_ID,Month,Date) VALUES ('EMHR.TA005.02.05','EMHR.TA005', 2 ,  '1986-02-05')
INSERT INTO Attendance(Attend_ID,Employee_ID,Month,Date) VALUES ('EMHR.TA005.02.06','EMHR.TA005', 2 ,  '1986-02-06')
INSERT INTO Attendance(Attend_ID,Employee_ID,Month,Date) VALUES ('EMHR.TA005.02.07','EMHR.TA005', 2 ,  '1986-02-07')
INSERT INTO Attendance(Attend_ID,Employee_ID,Month,Date) VALUES ('EMHR.TA005.02.08','EMHR.TA005', 2 ,  '1986-02-08')
INSERT INTO Attendance(Attend_ID,Employee_ID,Month,Date) VALUES ('EMHR.TA005.02.09','EMHR.TA005', 2 ,  '1986-02-09')
INSERT INTO Attendance(Attend_ID,Employee_ID,Month,Date) VALUES ('EMHR.TA005.02.10','EMHR.TA005', 2 ,  '1986-02-10')
INSERT INTO Attendance(Attend_ID,Employee_ID,Month,Date) VALUES ('EMHR.TA005.02.11','EMHR.TA005', 2 ,  '1986-02-11')
INSERT INTO Attendance(Attend_ID,Employee_ID,Month,Date) VALUES ('EMHR.TA005.02.12','EMHR.TA005', 2 ,  '1986-02-12')
INSERT INTO Attendance(Attend_ID,Employee_ID,Month,Date) VALUES ('EMHR.TA005.02.13','EMHR.TA005', 2 ,  '1986-02-13')
INSERT INTO Attendance(Attend_ID,Employee_ID,Month,Date) VALUES ('EMHR.TA005.02.14','EMHR.TA005', 2 ,  '1986-02-14')
INSERT INTO Attendance(Attend_ID,Employee_ID,Month,Date) VALUES ('EMHR.TA005.02.15','EMHR.TA005', 2 ,  '1986-02-15')

INSERT INTO Attendance(Attend_ID,Employee_ID,Month,Date) VALUES ('EMHR.TA006.02.01','EMHR.TA006', 2 ,  '1986-02-01')
INSERT INTO Attendance(Attend_ID,Employee_ID,Month,Date) VALUES ('EMHR.TA006.02.02','EMHR.TA006', 2 ,  '1986-02-02')
INSERT INTO Attendance(Attend_ID,Employee_ID,Month,Date) VALUES ('EMHR.TA006.02.03','EMHR.TA006', 2 ,  '1986-02-03')
INSERT INTO Attendance(Attend_ID,Employee_ID,Month,Date) VALUES ('EMHR.TA006.02.04','EMHR.TA006', 2 ,  '1986-02-04')
INSERT INTO Attendance(Attend_ID,Employee_ID,Month,Date) VALUES ('EMHR.TA006.02.05','EMHR.TA006', 2 ,  '1986-02-05')
INSERT INTO Attendance(Attend_ID,Employee_ID,Month,Date) VALUES ('EMHR.TA006.02.06','EMHR.TA006', 2 ,  '1986-02-06')
INSERT INTO Attendance(Attend_ID,Employee_ID,Month,Date) VALUES ('EMHR.TA006.02.07','EMHR.TA006', 2 ,  '1986-02-07')
INSERT INTO Attendance(Attend_ID,Employee_ID,Month,Date) VALUES ('EMHR.TA006.02.08','EMHR.TA006', 2 ,  '1986-02-08')
INSERT INTO Attendance(Attend_ID,Employee_ID,Month,Date) VALUES ('EMHR.TA006.02.09','EMHR.TA006', 2 ,  '1986-02-09')
INSERT INTO Attendance(Attend_ID,Employee_ID,Month,Date) VALUES ('EMHR.TA006.02.10','EMHR.TA006', 2 ,  '1986-02-10')
INSERT INTO Attendance(Attend_ID,Employee_ID,Month,Date) VALUES ('EMHR.TA006.02.11','EMHR.TA006', 2 ,  '1986-02-11')
INSERT INTO Attendance(Attend_ID,Employee_ID,Month,Date) VALUES ('EMHR.TA006.02.12','EMHR.TA006', 2 ,  '1986-02-12')
INSERT INTO Attendance(Attend_ID,Employee_ID,Month,Date) VALUES ('EMHR.TA006.02.13','EMHR.TA006', 2 ,  '1986-02-13')
INSERT INTO Attendance(Attend_ID,Employee_ID,Month,Date) VALUES ('EMHR.TA006.02.14','EMHR.TA006', 2 ,  '1986-02-14')
INSERT INTO Attendance(Attend_ID,Employee_ID,Month,Date) VALUES ('EMHR.TA006.02.15','EMHR.TA006', 2 ,  '1986-02-15')

INSERT INTO Attendance(Attend_ID,Employee_ID,Month,Date) VALUES ('EMHR.TA007.02.01','EMHR.TA007', 2 ,  '1986-02-01')
INSERT INTO Attendance(Attend_ID,Employee_ID,Month,Date) VALUES ('EMHR.TA007.02.02','EMHR.TA007', 2 ,  '1986-02-02')
INSERT INTO Attendance(Attend_ID,Employee_ID,Month,Date) VALUES ('EMHR.TA007.02.03','EMHR.TA007', 2 ,  '1986-02-03')
INSERT INTO Attendance(Attend_ID,Employee_ID,Month,Date) VALUES ('EMHR.TA007.02.04','EMHR.TA007', 2 ,  '1986-02-04')
INSERT INTO Attendance(Attend_ID,Employee_ID,Month,Date) VALUES ('EMHR.TA007.02.05','EMHR.TA007', 2 ,  '1986-02-05')
INSERT INTO Attendance(Attend_ID,Employee_ID,Month,Date) VALUES ('EMHR.TA007.02.06','EMHR.TA007', 2 ,  '1986-02-06')
INSERT INTO Attendance(Attend_ID,Employee_ID,Month,Date) VALUES ('EMHR.TA007.02.07','EMHR.TA007', 2 ,  '1986-02-07')
INSERT INTO Attendance(Attend_ID,Employee_ID,Month,Date) VALUES ('EMHR.TA007.02.08','EMHR.TA007', 2 ,  '1986-02-08')
INSERT INTO Attendance(Attend_ID,Employee_ID,Month,Date) VALUES ('EMHR.TA007.02.09','EMHR.TA007', 2 ,  '1986-02-09')
INSERT INTO Attendance(Attend_ID,Employee_ID,Month,Date) VALUES ('EMHR.TA007.02.10','EMHR.TA007', 2 ,  '1986-02-10')
INSERT INTO Attendance(Attend_ID,Employee_ID,Month,Date) VALUES ('EMHR.TA007.02.11','EMHR.TA007', 2 ,  '1986-02-11')
INSERT INTO Attendance(Attend_ID,Employee_ID,Month,Date) VALUES ('EMHR.TA007.02.12','EMHR.TA007', 2 ,  '1986-02-12')
INSERT INTO Attendance(Attend_ID,Employee_ID,Month,Date) VALUES ('EMHR.TA007.02.13','EMHR.TA007', 2 ,  '1986-02-13')
INSERT INTO Attendance(Attend_ID,Employee_ID,Month,Date) VALUES ('EMHR.TA007.02.14','EMHR.TA007', 2 ,  '1986-02-14')
INSERT INTO Attendance(Attend_ID,Employee_ID,Month,Date) VALUES ('EMHR.TA007.02.15','EMHR.TA007', 2 ,  '1986-02-15')

INSERT INTO Attendance(Attend_ID,Employee_ID,Month,Date) VALUES ('EMRD.TA001.02.01','EMRD.TA001', 2 ,  '1986-02-01')
INSERT INTO Attendance(Attend_ID,Employee_ID,Month,Date) VALUES ('EMRD.TA001.02.02','EMRD.TA001', 2 ,  '1986-02-02')
INSERT INTO Attendance(Attend_ID,Employee_ID,Month,Date) VALUES ('EMRD.TA001.02.03','EMRD.TA001', 2 ,  '1986-02-03')
INSERT INTO Attendance(Attend_ID,Employee_ID,Month,Date) VALUES ('EMRD.TA001.02.04','EMRD.TA001', 2 ,  '1986-02-04')
INSERT INTO Attendance(Attend_ID,Employee_ID,Month,Date) VALUES ('EMRD.TA001.02.05','EMRD.TA001', 2 ,  '1986-02-05')
INSERT INTO Attendance(Attend_ID,Employee_ID,Month,Date) VALUES ('EMRD.TA001.02.07','EMRD.TA001', 2 ,  '1986-02-07')
INSERT INTO Attendance(Attend_ID,Employee_ID,Month,Date) VALUES ('EMRD.TA001.02.08','EMRD.TA001', 2 ,  '1986-02-08')
INSERT INTO Attendance(Attend_ID,Employee_ID,Month,Date) VALUES ('EMRD.TA001.02.09','EMRD.TA001', 2 ,  '1986-02-09')
INSERT INTO Attendance(Attend_ID,Employee_ID,Month,Date) VALUES ('EMRD.TA001.02.10','EMRD.TA001', 2 ,  '1986-02-10')
INSERT INTO Attendance(Attend_ID,Employee_ID,Month,Date) VALUES ('EMRD.TA001.02.11','EMRD.TA001', 2 ,  '1986-02-11')
INSERT INTO Attendance(Attend_ID,Employee_ID,Month,Date) VALUES ('EMRD.TA001.02.12','EMRD.TA001', 2 ,  '1986-02-12')
INSERT INTO Attendance(Attend_ID,Employee_ID,Month,Date) VALUES ('EMRD.TA001.02.13','EMRD.TA001', 2 ,  '1986-02-13')
INSERT INTO Attendance(Attend_ID,Employee_ID,Month,Date) VALUES ('EMRD.TA001.02.14','EMRD.TA001', 2 ,  '1986-02-14')
INSERT INTO Attendance(Attend_ID,Employee_ID,Month,Date) VALUES ('EMRD.TA001.02.15','EMRD.TA001', 2 ,  '1986-02-15')

INSERT INTO Attendance(Attend_ID,Employee_ID,Month,Date) VALUES ('EMRD.TA002.02.01','EMRD.TA002', 2 ,  '1986-02-01')
INSERT INTO Attendance(Attend_ID,Employee_ID,Month,Date) VALUES ('EMRD.TA002.02.02','EMRD.TA002', 2 ,  '1986-02-02')
INSERT INTO Attendance(Attend_ID,Employee_ID,Month,Date) VALUES ('EMRD.TA002.02.03','EMRD.TA002', 2 ,  '1986-02-03')
INSERT INTO Attendance(Attend_ID,Employee_ID,Month,Date) VALUES ('EMRD.TA002.02.04','EMRD.TA002', 2 ,  '1986-02-04')
INSERT INTO Attendance(Attend_ID,Employee_ID,Month,Date) VALUES ('EMRD.TA002.02.05','EMRD.TA002', 2 ,  '1986-02-05')
INSERT INTO Attendance(Attend_ID,Employee_ID,Month,Date) VALUES ('EMRD.TA002.02.06','EMRD.TA002', 2 ,  '1986-02-06')
INSERT INTO Attendance(Attend_ID,Employee_ID,Month,Date) VALUES ('EMRD.TA002.02.07','EMRD.TA002', 2 ,  '1986-02-07')
INSERT INTO Attendance(Attend_ID,Employee_ID,Month,Date) VALUES ('EMRD.TA002.02.08','EMRD.TA002', 2 ,  '1986-02-08')
INSERT INTO Attendance(Attend_ID,Employee_ID,Month,Date) VALUES ('EMRD.TA002.02.09','EMRD.TA002', 2 ,  '1986-02-09')
INSERT INTO Attendance(Attend_ID,Employee_ID,Month,Date) VALUES ('EMRD.TA002.02.10','EMRD.TA002', 2 ,  '1986-02-10')
INSERT INTO Attendance(Attend_ID,Employee_ID,Month,Date) VALUES ('EMRD.TA002.02.11','EMRD.TA002', 2 ,  '1986-02-11')
INSERT INTO Attendance(Attend_ID,Employee_ID,Month,Date) VALUES ('EMRD.TA002.02.12','EMRD.TA002', 2 ,  '1986-02-12')
INSERT INTO Attendance(Attend_ID,Employee_ID,Month,Date) VALUES ('EMRD.TA002.02.13','EMRD.TA002', 2 ,  '1986-02-13')
INSERT INTO Attendance(Attend_ID,Employee_ID,Month,Date) VALUES ('EMRD.TA002.02.14','EMRD.TA002', 2 ,  '1986-02-14')
INSERT INTO Attendance(Attend_ID,Employee_ID,Month,Date) VALUES ('EMRD.TA002.02.15','EMRD.TA002', 2 ,  '1986-02-15')

INSERT INTO Attendance(Attend_ID,Employee_ID,Month,Date) VALUES ('EMRD.TA003.02.01','EMRD.TA003', 2 ,  '1986-02-01')
INSERT INTO Attendance(Attend_ID,Employee_ID,Month,Date) VALUES ('EMRD.TA003.02.02','EMRD.TA003', 2 ,  '1986-02-02')
INSERT INTO Attendance(Attend_ID,Employee_ID,Month,Date) VALUES ('EMRD.TA003.02.03','EMRD.TA003', 2 ,  '1986-02-03')
INSERT INTO Attendance(Attend_ID,Employee_ID,Month,Date) VALUES ('EMRD.TA003.02.04','EMRD.TA003', 2 ,  '1986-02-04')
INSERT INTO Attendance(Attend_ID,Employee_ID,Month,Date) VALUES ('EMRD.TA003.02.05','EMRD.TA003', 2 ,  '1986-02-05')
INSERT INTO Attendance(Attend_ID,Employee_ID,Month,Date) VALUES ('EMRD.TA003.02.06','EMRD.TA003', 2 ,  '1986-02-06')
INSERT INTO Attendance(Attend_ID,Employee_ID,Month,Date) VALUES ('EMRD.TA003.02.07','EMRD.TA003', 2 ,  '1986-02-07')
INSERT INTO Attendance(Attend_ID,Employee_ID,Month,Date) VALUES ('EMRD.TA003.02.08','EMRD.TA003', 2 ,  '1986-02-08')
INSERT INTO Attendance(Attend_ID,Employee_ID,Month,Date) VALUES ('EMRD.TA003.02.09','EMRD.TA003', 2 ,  '1986-02-09')
INSERT INTO Attendance(Attend_ID,Employee_ID,Month,Date) VALUES ('EMRD.TA003.02.10','EMRD.TA003', 2 ,  '1986-02-10')
INSERT INTO Attendance(Attend_ID,Employee_ID,Month,Date) VALUES ('EMRD.TA003.02.11','EMRD.TA003', 2 ,  '1986-02-11')
INSERT INTO Attendance(Attend_ID,Employee_ID,Month,Date) VALUES ('EMRD.TA003.02.12','EMRD.TA003', 2 ,  '1986-02-12')
INSERT INTO Attendance(Attend_ID,Employee_ID,Month,Date) VALUES ('EMRD.TA003.02.13','EMRD.TA003', 2 ,  '1986-02-13')
INSERT INTO Attendance(Attend_ID,Employee_ID,Month,Date) VALUES ('EMRD.TA003.02.14','EMRD.TA003', 2 ,  '1986-02-14')
INSERT INTO Attendance(Attend_ID,Employee_ID,Month,Date) VALUES ('EMRD.TA003.02.15','EMRD.TA003', 2 ,  '1986-02-15')

INSERT INTO Attendance(Attend_ID,Employee_ID,Month,Date) VALUES ('EMRD.TA004.02.01','EMRD.TA004', 2 ,  '1986-02-01')
INSERT INTO Attendance(Attend_ID,Employee_ID,Month,Date) VALUES ('EMRD.TA004.02.02','EMRD.TA004', 2 ,  '1986-02-02')
INSERT INTO Attendance(Attend_ID,Employee_ID,Month,Date) VALUES ('EMRD.TA004.02.03','EMRD.TA004', 2 ,  '1986-02-03')
INSERT INTO Attendance(Attend_ID,Employee_ID,Month,Date) VALUES ('EMRD.TA004.02.04','EMRD.TA004', 2 ,  '1986-02-04')
INSERT INTO Attendance(Attend_ID,Employee_ID,Month,Date) VALUES ('EMRD.TA004.02.05','EMRD.TA004', 2 ,  '1986-02-05')
INSERT INTO Attendance(Attend_ID,Employee_ID,Month,Date) VALUES ('EMRD.TA004.02.06','EMRD.TA004', 2 ,  '1986-02-06')
INSERT INTO Attendance(Attend_ID,Employee_ID,Month,Date) VALUES ('EMRD.TA004.02.07','EMRD.TA004', 2 ,  '1986-02-07')
INSERT INTO Attendance(Attend_ID,Employee_ID,Month,Date) VALUES ('EMRD.TA004.02.08','EMRD.TA004', 2 ,  '1986-02-08')
INSERT INTO Attendance(Attend_ID,Employee_ID,Month,Date) VALUES ('EMRD.TA004.02.09','EMRD.TA004', 2 ,  '1986-02-09')
INSERT INTO Attendance(Attend_ID,Employee_ID,Month,Date) VALUES ('EMRD.TA004.02.10','EMRD.TA004', 2 ,  '1986-02-10')
INSERT INTO Attendance(Attend_ID,Employee_ID,Month,Date) VALUES ('EMRD.TA004.02.11','EMRD.TA004', 2 ,  '1986-02-11')
INSERT INTO Attendance(Attend_ID,Employee_ID,Month,Date) VALUES ('EMRD.TA004.02.12','EMRD.TA004', 2 ,  '1986-02-12')
INSERT INTO Attendance(Attend_ID,Employee_ID,Month,Date) VALUES ('EMRD.TA004.02.13','EMRD.TA004', 2 ,  '1986-02-13')
INSERT INTO Attendance(Attend_ID,Employee_ID,Month,Date) VALUES ('EMRD.TA004.02.14','EMRD.TA004', 2 ,  '1986-02-14')
INSERT INTO Attendance(Attend_ID,Employee_ID,Month,Date) VALUES ('EMRD.TA004.02.15','EMRD.TA004', 2 ,  '1986-02-15')

INSERT INTO Attendance(Attend_ID,Employee_ID,Month,Date) VALUES ('EMRD.TA005.02.01','EMRD.TA005', 2 ,  '1986-02-01')
INSERT INTO Attendance(Attend_ID,Employee_ID,Month,Date) VALUES ('EMRD.TA005.02.02','EMRD.TA005', 2 ,  '1986-02-02')
INSERT INTO Attendance(Attend_ID,Employee_ID,Month,Date) VALUES ('EMRD.TA005.02.03','EMRD.TA005', 2 ,  '1986-02-03')
INSERT INTO Attendance(Attend_ID,Employee_ID,Month,Date) VALUES ('EMRD.TA005.02.04','EMRD.TA005', 2 ,  '1986-02-04')
INSERT INTO Attendance(Attend_ID,Employee_ID,Month,Date) VALUES ('EMRD.TA005.02.05','EMRD.TA005', 2 ,  '1986-02-05')
INSERT INTO Attendance(Attend_ID,Employee_ID,Month,Date) VALUES ('EMRD.TA005.02.06','EMRD.TA005', 2 ,  '1986-02-06')
INSERT INTO Attendance(Attend_ID,Employee_ID,Month,Date) VALUES ('EMRD.TA005.02.07','EMRD.TA005', 2 ,  '1986-02-07')
INSERT INTO Attendance(Attend_ID,Employee_ID,Month,Date) VALUES ('EMRD.TA005.02.08','EMRD.TA005', 2 ,  '1986-02-08')
INSERT INTO Attendance(Attend_ID,Employee_ID,Month,Date) VALUES ('EMRD.TA005.02.09','EMRD.TA005', 2 ,  '1986-02-09')
INSERT INTO Attendance(Attend_ID,Employee_ID,Month,Date) VALUES ('EMRD.TA005.02.10','EMRD.TA005', 2 ,  '1986-02-10')
INSERT INTO Attendance(Attend_ID,Employee_ID,Month,Date) VALUES ('EMRD.TA005.02.11','EMRD.TA005', 2 ,  '1986-02-11')
INSERT INTO Attendance(Attend_ID,Employee_ID,Month,Date) VALUES ('EMRD.TA005.02.12','EMRD.TA005', 2 ,  '1986-02-12')
INSERT INTO Attendance(Attend_ID,Employee_ID,Month,Date) VALUES ('EMRD.TA005.02.13','EMRD.TA005', 2 ,  '1986-02-13')
INSERT INTO Attendance(Attend_ID,Employee_ID,Month,Date) VALUES ('EMRD.TA005.02.14','EMRD.TA005', 2 ,  '1986-02-14')
INSERT INTO Attendance(Attend_ID,Employee_ID,Month,Date) VALUES ('EMRD.TA005.02.15','EMRD.TA005', 2 ,  '1986-02-15')

INSERT INTO Attendance(Attend_ID,Employee_ID,Month,Date) VALUES ('EMRD.TA006.02.01','EMRD.TA006', 2 ,  '1986-02-01')
INSERT INTO Attendance(Attend_ID,Employee_ID,Month,Date) VALUES ('EMRD.TA006.02.02','EMRD.TA006', 2 ,  '1986-02-02')
INSERT INTO Attendance(Attend_ID,Employee_ID,Month,Date) VALUES ('EMRD.TA006.02.04','EMRD.TA006', 2 ,  '1986-02-04')
INSERT INTO Attendance(Attend_ID,Employee_ID,Month,Date) VALUES ('EMRD.TA006.02.05','EMRD.TA006', 2 ,  '1986-02-05')
INSERT INTO Attendance(Attend_ID,Employee_ID,Month,Date) VALUES ('EMRD.TA006.02.06','EMRD.TA006', 2 ,  '1986-02-06')
INSERT INTO Attendance(Attend_ID,Employee_ID,Month,Date) VALUES ('EMRD.TA006.02.07','EMRD.TA006', 2 ,  '1986-02-07')
INSERT INTO Attendance(Attend_ID,Employee_ID,Month,Date) VALUES ('EMRD.TA006.02.08','EMRD.TA006', 2 ,  '1986-02-08')
INSERT INTO Attendance(Attend_ID,Employee_ID,Month,Date) VALUES ('EMRD.TA006.02.09','EMRD.TA006', 2 ,  '1986-02-09')
INSERT INTO Attendance(Attend_ID,Employee_ID,Month,Date) VALUES ('EMRD.TA006.02.10','EMRD.TA006', 2 ,  '1986-02-10')
INSERT INTO Attendance(Attend_ID,Employee_ID,Month,Date) VALUES ('EMRD.TA006.02.11','EMRD.TA006', 2 ,  '1986-02-11')
INSERT INTO Attendance(Attend_ID,Employee_ID,Month,Date) VALUES ('EMRD.TA006.02.12','EMRD.TA006', 2 ,  '1986-02-12')
INSERT INTO Attendance(Attend_ID,Employee_ID,Month,Date) VALUES ('EMRD.TA006.02.13','EMRD.TA006', 2 ,  '1986-02-13')
INSERT INTO Attendance(Attend_ID,Employee_ID,Month,Date) VALUES ('EMRD.TA006.02.14','EMRD.TA006', 2 ,  '1986-02-14')
INSERT INTO Attendance(Attend_ID,Employee_ID,Month,Date) VALUES ('EMRD.TA006.02.15','EMRD.TA006', 2 ,  '1986-02-15')

INSERT INTO Attendance(Attend_ID,Employee_ID,Month,Date) VALUES ('EMRD.TA007.02.01','EMRD.TA007', 2 ,  '1986-01-01')
INSERT INTO Attendance(Attend_ID,Employee_ID,Month,Date) VALUES ('EMRD.TA007.02.02','EMRD.TA007', 2 ,  '1986-01-02')
INSERT INTO Attendance(Attend_ID,Employee_ID,Month,Date) VALUES ('EMRD.TA007.02.03','EMRD.TA007', 2 ,  '1986-01-03')
INSERT INTO Attendance(Attend_ID,Employee_ID,Month,Date) VALUES ('EMRD.TA007.02.04','EMRD.TA007', 2 ,  '1986-01-04')
INSERT INTO Attendance(Attend_ID,Employee_ID,Month,Date) VALUES ('EMRD.TA007.02.05','EMRD.TA007', 2 ,  '1986-01-05')
INSERT INTO Attendance(Attend_ID,Employee_ID,Month,Date) VALUES ('EMRD.TA007.02.06','EMRD.TA007', 2 ,  '1986-01-06')
INSERT INTO Attendance(Attend_ID,Employee_ID,Month,Date) VALUES ('EMRD.TA007.02.07','EMRD.TA007', 2 ,  '1986-01-07')
INSERT INTO Attendance(Attend_ID,Employee_ID,Month,Date) VALUES ('EMRD.TA007.02.08','EMRD.TA007', 2 ,  '1986-01-08')
INSERT INTO Attendance(Attend_ID,Employee_ID,Month,Date) VALUES ('EMRD.TA007.02.09','EMRD.TA007', 2 ,  '1986-01-09')
INSERT INTO Attendance(Attend_ID,Employee_ID,Month,Date) VALUES ('EMRD.TA007.02.10','EMRD.TA007', 2 ,  '1986-01-10')
INSERT INTO Attendance(Attend_ID,Employee_ID,Month,Date) VALUES ('EMRD.TA007.02.11','EMRD.TA007', 2 ,  '1986-01-11')
INSERT INTO Attendance(Attend_ID,Employee_ID,Month,Date) VALUES ('EMRD.TA007.02.12','EMRD.TA007', 2 ,  '1986-01-12')
INSERT INTO Attendance(Attend_ID,Employee_ID,Month,Date) VALUES ('EMRD.TA007.02.13','EMRD.TA007', 2 ,  '1986-01-13')
INSERT INTO Attendance(Attend_ID,Employee_ID,Month,Date) VALUES ('EMRD.TA007.02.14','EMRD.TA007', 2 ,  '1986-01-14')
INSERT INTO Attendance(Attend_ID,Employee_ID,Month,Date) VALUES ('EMRD.TA007.02.15','EMRD.TA007', 2 ,  '1986-01-15')

SELECT * FROM Attendance
DROP TABLE Attendance 

CREATE TABLE Sign (
    Em_ID varchar(30) ,
	Salary_ID varchar(30),
	Attend_ID varchar (30),
	FOREIGN KEY (Attend_ID) REFERENCES Attendance(Attend_ID),
	FOREIGN KEY (Salary_ID) REFERENCES Salary(Salary_ID),
	FOREIGN KEY (Em_ID) REFERENCES Employee(Employee_ID)
)


CREATE TABLE Salary (
	Salary_ID varchar(30) NOT NULL primary key,
	Employee_ID varchar(30) NOT NULL,
	Salary_Amount int NOT NULL,
	Bonus int NOT NULL,
	Allowance int NOT NULL,
	Month smallint NOT NULL,
	FOREIGN KEY (Employee_ID) REFERENCES Employee(Employee_ID)
)

/* Salary in month 1 */

INSERT INTO Salary(Salary_ID,Employee_ID,Salary_Amount,Bonus,Allowance,Month) VALUES ('EMAC.TA001.1','EMAC.TA001', 400000 ,1000000,0,1)
INSERT INTO Salary(Salary_ID,Employee_ID,Salary_Amount,Bonus,Allowance,Month) VALUES ('EMAC.TA002.1','EMAC.TA002', 500000 ,1000000,2000000,1)
INSERT INTO Salary(Salary_ID,Employee_ID,Salary_Amount,Bonus,Allowance,Month) VALUES ('EMAC.TA003.1','EMAC.TA003', 450000 ,1000000,0,1)
INSERT INTO Salary(Salary_ID,Employee_ID,Salary_Amount,Bonus,Allowance,Month) VALUES ('EMAC.TA004.1','EMAC.TA004', 600000 ,1000000,0,1)
INSERT INTO Salary(Salary_ID,Employee_ID,Salary_Amount,Bonus,Allowance,Month) VALUES ('EMAC.TA005.1','EMAC.TA005', 400000 ,1000000,1000000,1)
INSERT INTO Salary(Salary_ID,Employee_ID,Salary_Amount,Bonus,Allowance,Month) VALUES ('EMAC.TA006.1','EMAC.TA006', 350000 ,1000000,0,1)
INSERT INTO Salary(Salary_ID,Employee_ID,Salary_Amount,Bonus,Allowance,Month) VALUES ('EMAC.TA007.1','EMAC.TA007', 450000 ,1000000,500000,1)

INSERT INTO Salary(Salary_ID,Employee_ID,Salary_Amount,Bonus,Allowance,Month) VALUES ('EMSA.TA001.1','EMSA.TA001', 400000 ,1000000,2000000,1)
INSERT INTO Salary(Salary_ID,Employee_ID,Salary_Amount,Bonus,Allowance,Month) VALUES ('EMSA.TA002.1','EMSA.TA002', 450000 ,1000000,500000,1)
INSERT INTO Salary(Salary_ID,Employee_ID,Salary_Amount,Bonus,Allowance,Month) VALUES ('EMSA.TA003.1','EMSA.TA003', 400000 ,1000000,0,1)
INSERT INTO Salary(Salary_ID,Employee_ID,Salary_Amount,Bonus,Allowance,Month) VALUES ('EMSA.TA004.1','EMSA.TA004', 500000 ,1000000,0,1)
INSERT INTO Salary(Salary_ID,Employee_ID,Salary_Amount,Bonus,Allowance,Month) VALUES ('EMSA.TA005.1','EMSA.TA005', 550000 ,1000000,0,1)
INSERT INTO Salary(Salary_ID,Employee_ID,Salary_Amount,Bonus,Allowance,Month) VALUES ('EMSA.TA006.1','EMSA.TA006', 400000 ,1000000,1000000,1)
INSERT INTO Salary(Salary_ID,Employee_ID,Salary_Amount,Bonus,Allowance,Month) VALUES ('EMSA.TA007.1','EMSA.TA007', 400000 ,1000000,0,1)

INSERT INTO Salary(Salary_ID,Employee_ID,Salary_Amount,Bonus,Allowance,Month) VALUES ('EMHR.TA001.1','EMHR.TA001', 400000 ,1000000,0,1)
INSERT INTO Salary(Salary_ID,Employee_ID,Salary_Amount,Bonus,Allowance,Month) VALUES ('EMHR.TA002.1','EMHR.TA002', 400000 ,1000000,0,1)
INSERT INTO Salary(Salary_ID,Employee_ID,Salary_Amount,Bonus,Allowance,Month) VALUES ('EMHR.TA003.1','EMHR.TA003', 500000 ,1000000,1000000,1)
INSERT INTO Salary(Salary_ID,Employee_ID,Salary_Amount,Bonus,Allowance,Month) VALUES ('EMHR.TA004.1','EMHR.TA004', 400000 ,1000000,2000000,1)
INSERT INTO Salary(Salary_ID,Employee_ID,Salary_Amount,Bonus,Allowance,Month) VALUES ('EMHR.TA005.1','EMHR.TA005', 400000 ,1000000,0,1)
INSERT INTO Salary(Salary_ID,Employee_ID,Salary_Amount,Bonus,Allowance,Month) VALUES ('EMHR.TA006.1','EMHR.TA006', 350000 ,1000000,500000,1)
INSERT INTO Salary(Salary_ID,Employee_ID,Salary_Amount,Bonus,Allowance,Month) VALUES ('EMHR.TA007.1','EMHR.TA007', 450000 ,1000000,0,1)

INSERT INTO Salary(Salary_ID,Employee_ID,Salary_Amount,Bonus,Allowance,Month) VALUES ('EMRD.TA001.1','EMRD.TA001', 650000 ,1000000,0,1)
INSERT INTO Salary(Salary_ID,Employee_ID,Salary_Amount,Bonus,Allowance,Month) VALUES ('EMRD.TA002.1','EMRD.TA002', 600000 ,1000000,2000000,1)
INSERT INTO Salary(Salary_ID,Employee_ID,Salary_Amount,Bonus,Allowance,Month) VALUES ('EMRD.TA003.1','EMRD.TA003', 700000 ,1000000,500000,1)
INSERT INTO Salary(Salary_ID,Employee_ID,Salary_Amount,Bonus,Allowance,Month) VALUES ('EMRD.TA004.1','EMRD.TA004', 500000 ,1000000,0,1)
INSERT INTO Salary(Salary_ID,Employee_ID,Salary_Amount,Bonus,Allowance,Month) VALUES ('EMRD.TA005.1','EMRD.TA005', 550000 ,1000000,1000000,1)
INSERT INTO Salary(Salary_ID,Employee_ID,Salary_Amount,Bonus,Allowance,Month) VALUES ('EMRD.TA006.1','EMRD.TA006', 650000 ,1000000,0,1)
INSERT INTO Salary(Salary_ID,Employee_ID,Salary_Amount,Bonus,Allowance,Month) VALUES ('EMRD.TA007.1','EMRD.TA007', 500000 ,1000000,0,1)

/* Salary in month 2 */

INSERT INTO Salary(Salary_ID,Employee_ID,Salary_Amount,Bonus,Allowance,Month) VALUES ('EMAC.TA001.2','EMAC.TA001', 400000 ,0,0,2)
INSERT INTO Salary(Salary_ID,Employee_ID,Salary_Amount,Bonus,Allowance,Month) VALUES ('EMAC.TA002.2','EMAC.TA002', 500000 ,0,2000000,2)
INSERT INTO Salary(Salary_ID,Employee_ID,Salary_Amount,Bonus,Allowance,Month) VALUES ('EMAC.TA003.2','EMAC.TA003', 400000 ,0,0,2)
INSERT INTO Salary(Salary_ID,Employee_ID,Salary_Amount,Bonus,Allowance,Month) VALUES ('EMAC.TA004.2','EMAC.TA004', 600000 ,0,1000000,2)
INSERT INTO Salary(Salary_ID,Employee_ID,Salary_Amount,Bonus,Allowance,Month) VALUES ('EMAC.TA005.2','EMAC.TA005', 400000 ,0,0,2)
INSERT INTO Salary(Salary_ID,Employee_ID,Salary_Amount,Bonus,Allowance,Month) VALUES ('EMAC.TA006.2','EMAC.TA006', 350000 ,0,0,2)
INSERT INTO Salary(Salary_ID,Employee_ID,Salary_Amount,Bonus,Allowance,Month) VALUES ('EMAC.TA007.2','EMAC.TA007', 450000 ,0,500000,2)

INSERT INTO Salary(Salary_ID,Employee_ID,Salary_Amount,Bonus,Allowance,Month) VALUES ('EMSA.TA001.2','EMSA.TA001', 400000 ,0,2000000,2)
INSERT INTO Salary(Salary_ID,Employee_ID,Salary_Amount,Bonus,Allowance,Month) VALUES ('EMSA.TA002.2','EMSA.TA002', 450000 ,0,500000,2)
INSERT INTO Salary(Salary_ID,Employee_ID,Salary_Amount,Bonus,Allowance,Month) VALUES ('EMSA.TA003.2','EMSA.TA003', 400000 ,0,0,2)
INSERT INTO Salary(Salary_ID,Employee_ID,Salary_Amount,Bonus,Allowance,Month) VALUES ('EMSA.TA004.2','EMSA.TA004', 500000 ,0,1000000,2)
INSERT INTO Salary(Salary_ID,Employee_ID,Salary_Amount,Bonus,Allowance,Month) VALUES ('EMSA.TA005.2','EMSA.TA005', 550000 ,0,0,2)
INSERT INTO Salary(Salary_ID,Employee_ID,Salary_Amount,Bonus,Allowance,Month) VALUES ('EMSA.TA006.2','EMSA.TA006', 400000 ,0,0,2)
INSERT INTO Salary(Salary_ID,Employee_ID,Salary_Amount,Bonus,Allowance,Month) VALUES ('EMSA.TA007.2','EMSA.TA007', 400000 ,0,0,2)

SELECT * FROM Salary 
SELECT * FROM Attendance
DROP TABLE Salary

WITH Total AS (
              SELECT COUNT(Month) as Total, Attendance.Employee_ID, month, Employee.Admin_ID
              FROM Attendance
			  INNER JOIN Employee
			  ON Attendance.Employee_ID = Employee.Employee_ID
              GROUP BY Attendance.Employee_ID, month, Employee.Admin_ID
			  --ORDER BY Employee_ID 
			  )
			  SELECT (total * Salary_Amount + Bonus + Allowance ) as Salary_per_month, Salary.Employee_ID, Salary.Month, Total.Admin_ID
			  FROM Salary
			  INNER JOIN Total
			  ON Salary.Employee_ID = Total.Employee_ID AND Total.month = Salary.Month 
			  WHERE Total.Admin_ID = 'ADAC.TA' --like '%"+SQLInjection.LoginAdmin.txtUsername.getText()+"%' 
			  --WHERE Salary.Employee_ID = 'EMAC.TA002' --AND Total.month = 1 (OPTINAL)

			  

CREATE TABLE login (
    Username varchar(30) NOT NULL primary key,
    Password varchar(30) NOT NULL DEFAULT (1),
	Position varchar(20) NOT NULL DEFAULT ('Employee')
);

SELECT * FROM login

INSERT INTO login(Username,Position) VALUES ('Admin','Admin')

INSERT INTO login(Username) VALUES ('EMAC.TA001')
INSERT INTO login(Username) VALUES ('EMAC.TA002')
INSERT INTO login(Username) VALUES ('EMAC.TA003')
INSERT INTO login(Username) VALUES ('EMAC.TA004')
INSERT INTO login(Username) VALUES ('EMAC.TA005')
INSERT INTO login(Username) VALUES ('EMAC.TA006')
INSERT INTO login(Username) VALUES ('EMAC.TA007')

INSERT INTO login(Username) VALUES ('EMSA.TA001')
INSERT INTO login(Username) VALUES ('EMSA.TA002')
INSERT INTO login(Username) VALUES ('EMSA.TA003')
INSERT INTO login(Username) VALUES ('EMSA.TA004')
INSERT INTO login(Username) VALUES ('EMSA.TA005')
INSERT INTO login(Username) VALUES ('EMSA.TA006')
INSERT INTO login(Username) VALUES ('EMSA.TA007')

INSERT INTO login(Username) VALUES ('EMHR.TA001')
INSERT INTO login(Username) VALUES ('EMHR.TA002')
INSERT INTO login(Username) VALUES ('EMHR.TA003')
INSERT INTO login(Username) VALUES ('EMHR.TA004')
INSERT INTO login(Username) VALUES ('EMHR.TA005')
INSERT INTO login(Username) VALUES ('EMHR.TA006')
INSERT INTO login(Username) VALUES ('EMHR.TA007')

INSERT INTO login(Username) VALUES ('EMRD.TA001')
INSERT INTO login(Username) VALUES ('EMRD.TA002')
INSERT INTO login(Username) VALUES ('EMRD.TA003')
INSERT INTO login(Username) VALUES ('EMRD.TA004')
INSERT INTO login(Username) VALUES ('EMRD.TA005')
INSERT INTO login(Username) VALUES ('EMRD.TA006')
INSERT INTO login(Username) VALUES ('EMRD.TA007')


